org_key,year,event_key,match_key,match_number,time,alliance,team_key,contributedPoints,totalAutoPoints,totalTeleopPoints,totalHumanPoints,totalEndgamePoints,totalAutoCoral,totalTeleopCoral,totalCoral,startOutside,startMiddle,startInside,preMatchStart,didStartingZone,autoCoralL4,autoCoralL3,autoCoralL2,autoCoralL1,autoAlgaeProc,autoAlgaeNet,cycleSpeedFactor,totalAlgae,onBargeSpeedFactor,cycleTime,teleopStation,teleopFloor,humanNet,teleopCoralL4,teleopCoralL3,teleopCoralL2,teleopCoralL1,teleopAlgaeProc,teleopAlgaeNet,onBargeTimeStart,onBargeTimeEnd,bargeStatus,teleopCoop,diedDuringMatch,recoveredFromFreeze,reliabilityFactor,outstandingPerformance,dataGood
frc8749,2025,2025txwac,2025txwac_qm1,1,2/28/2025 5:00:00 PM,blue,frc2158,20,0,18,0,2,0,0,0,0,1,0,Middle,0,0,0,0,0,0,0,3.662740416747463,3,10.002590419632025,45.0,0,0,0,0,0,0,0,3,0,0,0,Parked,0,0,0,1.0,0,0
frc8749,2025,2025txwac,2025txwac_qm1,1,2/28/2025 5:00:00 PM,red,frc4610,4,0,4,0,0,0,2,2,0,1,0,Middle,0,0,0,0,0,0,0,2.492815415305163,0,10.002590419632025,67.5,1,0,0,0,0,0,2,0,0,0,0,Not Parked,0,0,0,1.0,0,0
frc8749,2025,2025txwac,2025txwac_qm1,1,2/28/2025 5:00:00 PM,blue,frc8858,14,0,12,0,2,0,0,0,1,0,0,Outside,0,0,0,0,0,0,0,2.601710983349916,2,10.002590419632025,65.0,1,0,0,0,0,0,0,2,0,5,0,Parked,0,0,0,1.0,0,1
frc8749,2025,2025txwac,2025txwac_qm1,1,2/28/2025 5:00:00 PM,blue,frc9577,5,2,0,0,2,0,0,0,0,0,1,Inside,1,0,0,0,0,0,0,0.002590419632126,0,10.002590419632025,160.0,0,0,0,0,0,0,0,0,0,5,0,Parked,0,0,0,1.0,0,1
frc8749,2025,2025txwac,2025txwac_qm2,2,2/28/2025 5:09:00 PM,red,frc2687,10,0,10,0,0,0,5,5,1,0,0,Outside,0,0,0,0,0,0,0,5.13667160507986,0,10.002590419632025,27.0,1,0,0,0,0,0,5,0,0,0,0,Not Parked,0,0,0,1.0,0,0
frc8749,2025,2025txwac,2025txwac_qm2,2,2/28/2025 5:09:00 PM,red,frc5866,25,2,12,8,2,0,0,0,0,0,1,Inside,1,0,0,0,0,0,0,2.492815415305163,2,10.002590419632025,67.5,0,0,2,0,0,0,0,2,0,0,0,Parked,0,0,0,1.0,0,0
frc8749,2025,2025txwac,2025txwac_qm2,2,2/28/2025 5:09:00 PM,red,frc5503,3,2,0,0,0,0,0,0,0,1,0,Middle,1,0,0,0,0,0,0,0.002590419632126,0,10.002590419632025,160.0,0,0,0,0,0,0,0,0,0,0,0,Not Parked,0,1,0,0.0,0,0
frc8749,2025,2025txwac,2025txwac_qm2,2,2/28/2025 5:09:00 PM,blue,frc9444,0,0,0,0,0,0,0,0,1,0,0,Outside,0,0,0,0,0,0,0,0.002590419632126,0,10.002590419632025,160.0,0,0,0,0,0,0,0,0,0,0,0,Not Parked,0,1,0,0.0,0,1
frc8749,2025,2025txwac,2025txwac_qm2,2,2/28/2025 5:09:00 PM,blue,frc2950,23,2,8,0,12,0,1,1,0,0,1,Inside,1,0,0,0,0,0,0,2.9554665075180697,1,10.002590419632025,57.5,1,0,0,0,0,0,1,1,0,20,15,Deep Cage,0,0,0,1.0,0,1
frc8749,2025,2025txwac,2025txwac_qm2,2,2/28/2025 5:09:00 PM,blue,frc1296,43,0,37,0,6,0,8,8,1,0,0,Outside,0,0,0,0,0,0,0,6.955466507518029,0,10.002590419632025,14.375,0,0,0,7,0,0,1,0,0,20,15,Shallow Cage,0,0,0,1.0,0,0
frc8749,2025,2025txwac,2025txwac_qm3,3,2/28/2025 5:18:00 PM,red,frc148,43,14,23,0,6,2,3,5,0,1,0,Middle,0,2,0,0,0,0,0,5.358734229857346,2,10.002590419632025,25.0,1,0,0,0,2,1,0,2,0,10,5,Shallow Cage,0,0,0,1.0,0,0
frc8749,2025,2025txwac,2025txwac_qm3,3,2/28/2025 5:18:00 PM,red,frc8088,26,0,26,0,0,0,7,7,1,0,0,Outside,0,0,0,0,0,0,0,6.107525259420333,0,10.002590419632025,19.285714285714285,0,0,0,4,0,0,3,0,0,0,0,Not Parked,1,0,0,1.0,0,0
frc8749,2025,2025txwac,2025txwac_qm3,3,2/28/2025 5:18:00 PM,red,frc8749,30,2,25,0,2,0,8,8,0,0,1,Inside,1,0,0,0,0,0,0,6.832665418189743,0,10.002590419632025,15.0,1,0,0,0,2,5,1,0,0,15,10,Parked,0,0,0,1.0,1,1
frc8749,2025,2025txwac,2025txwac_qm3,3,2/28/2025 5:18:00 PM,blue,frc10062,5,2,0,0,2,0,0,0,1,0,0,Outside,1,0,0,0,0,0,0,0.002590419632126,0,8.002590419632043,160.0,0,1,0,0,0,0,0,0,0,10,0,Parked,0,0,0,1.0,0,1
frc8749,2025,2025txwac,2025txwac_qm3,3,2/28/2025 5:18:00 PM,blue,frc10312,0,0,0,0,0,0,0,0,0,1,0,Middle,0,0,0,0,0,0,0,0.002590419632126,0,10.002590419632025,160.0,0,0,0,0,0,0,0,0,0,0,0,Not Parked,0,1,0,0.0,0,1
frc8749,2025,2025txwac,2025txwac_qm3,3,2/28/2025 5:18:00 PM,blue,frc2714,58,8,37,0,12,2,8,10,0,0,1,Inside,1,0,0,0,2,0,0,6.955466507518029,0,6.832665418189743,14.375,1,0,0,7,0,0,1,0,0,20,5,Deep Cage,0,0,0,1.0,1,0
frc8749,2025,2025txwac,2025txwac_qm5,5,2/28/2025 5:36:00 PM,red,frc3310,30,2,25,0,2,0,1,1,0,0,1,Inside,1,0,0,0,0,0,0,5.884803041524927,5,8.002590419632043,20.83333333333333,0,1,0,1,0,0,0,0,5,10,0,Parked,0,0,0,1.0,0,1
frc8749,2025,2025txwac,2025txwac_qm5,5,2/28/2025 5:36:00 PM,blue,frc2881,53,2,50,0,0,0,10,10,0,0,1,Inside,1,0,0,0,0,0,0,7.13667160507984,0,10.002590419632025,13.5,1,0,0,10,0,0,0,0,0,0,0,Not Parked,0,0,0,1.0,1,1
frc8749,2025,2025txwac,2025txwac_qm5,5,2/28/2025 5:36:00 PM,red,frc7121,14,5,8,0,0,1,1,2,1,0,0,Outside,1,0,0,0,1,0,0,2.492815415305163,1,10.002590419632025,67.5,1,0,0,0,0,0,1,1,0,0,0,Not Parked,0,1,1,0.5,0,0
frc8749,2025,2025txwac,2025txwac_qm6,6,2/28/2025 5:45:00 PM,red,frc2468,37,5,29,0,2,1,8,9,1,0,0,Outside,1,0,0,0,1,0,0,6.492815415305122,0,10.002590419632025,16.875,1,0,0,0,5,3,0,0,0,0,0,Parked,1,0,0,1.0,0,1
frc8749,2025,2025txwac,2025txwac_qm6,6,2/28/2025 5:45:00 PM,red,frc8408,0,0,0,0,0,0,0,0,0,0,1,Inside,0,0,0,0,0,0,0,0.002590419632126,0,10.002590419632025,160.0,0,0,0,0,0,0,0,0,0,0,0,Not Parked,1,0,0,1.0,0,1
frc8749,2025,2025txwac,2025txwac_qm6,6,2/28/2025 5:45:00 PM,blue,frc418,99,62,35,0,2,9,7,16,0,0,1,Inside,0,8,1,0,0,0,0,6.107525259420333,0,10.002590419632025,19.285714285714285,1,1,0,7,0,0,0,0,0,0,0,Parked,1,0,0,1.0,1,1
frc8749,2025,2025txwac,2025txwac_qm6,6,2/28/2025 5:45:00 PM,blue,frc5212,0,0,0,0,0,0,0,0,0,1,0,Middle,0,0,0,0,0,0,0,0.002590419632126,0,10.002590419632025,160.0,0,0,0,0,0,0,0,0,0,0,0,Not Parked,0,0,0,1.0,0,0
frc8749,2025,2025txwac,2025txwac_qm6,6,2/28/2025 5:45:00 PM,blue,frc3005,22,14,6,0,2,2,0,2,1,0,0,Outside,0,2,0,0,0,0,0,0.4928154153051824,1,10.002590419632025,135.0,1,1,0,0,0,0,0,1,0,0,0,Parked,1,0,0,1.0,0,0
frc8749,2025,2025txwac,2025txwac_qm7,7,2/28/2025 5:54:00 PM,red,frc6377,38,9,26,0,2,1,8,9,1,0,0,Outside,1,1,0,0,0,0,0,6.492815415305122,0,10.002590419632025,16.875,0,1,0,1,2,3,2,0,0,0,0,Parked,0,0,0,1.0,0,1
frc8749,2025,2025txwac,2025txwac_qm7,7,2/28/2025 5:54:00 PM,red,frc2582,49,5,31,0,12,1,7,8,0,0,1,Inside,1,0,0,0,1,0,0,6.832665418189743,0,4.832665418189764,15.0,1,0,0,3,4,0,0,0,0,30,0,Deep Cage,0,0,0,1.0,0,1
frc8749,2025,2025txwac,2025txwac_qm7,7,2/28/2025 5:54:00 PM,blue,frc8749,52,2,37,0,12,0,8,8,0,1,0,Middle,1,0,0,0,0,0,0,6.955466507518029,0,10.002590419632025,14.375,1,0,0,7,0,0,1,0,0,20,15,Deep Cage,1,0,0,1.0,1,0
frc8749,2025,2025txwac,2025txwac_qm7,7,2/28/2025 5:54:00 PM,blue,frc8515,6,5,0,0,0,1,0,1,1,0,0,Outside,1,0,0,0,1,0,0,0.002590419632126,0,10.002590419632025,160.0,0,0,0,0,0,0,0,0,0,0,0,Not Parked,0,1,1,0.5,0,1
frc8749,2025,2025txwac,2025txwac_qm7,7,2/28/2025 5:54:00 PM,blue,frc8732,0,0,0,0,0,0,0,0,0,0,1,Inside,0,0,0,0,0,0,0,0.002590419632126,0,10.002590419632025,160.0,0,0,0,0,0,0,0,0,0,0,0,Not Parked,0,0,0,1.0,0,0
frc8749,2025,2025txwac,2025txwac_qm8,8,2/28/2025 7:03:00 PM,red,frc2158,0,0,0,0,0,0,0,0,0,1,0,Middle,0,0,0,0,0,0,0,0.002590419632126,0,10.002590419632025,160.0,0,0,0,0,0,0,0,0,0,0,0,Not Parked,0,0,0,1.0,0,0
frc8749,2025,2025txwac,2025txwac_qm8,8,2/28/2025 7:03:00 PM,blue,frc8769,11,7,4,0,0,1,2,3,0,1,0,Middle,0,1,0,0,0,0,0,2.492815415305163,0,10.002590419632025,67.5,0,0,0,0,0,0,2,0,0,0,0,Not Parked,0,0,0,1.0,0,0
frc8749,2025,2025txwac,2025txwac_qm8,8,2/28/2025 7:03:00 PM,blue,frc10312,7,2,2,0,2,0,1,1,0,0,1,Inside,1,0,0,0,0,0,0,0.4928154153051824,0,10.002590419632025,135.0,1,0,0,0,0,0,1,0,0,0,0,Parked,0,0,0,1.0,0,0
frc8749,2025,2025txwac,2025txwac_qm8,8,2/28/2025 7:03:00 PM,red,frc148,34,9,22,0,2,1,4,5,0,0,1,Inside,1,1,0,0,0,0,0,5.8618117638492695,1,5.358734229857346,21.0,1,0,0,2,2,0,0,0,1,30,5,Parked,0,0,0,1.0,0,1
frc8749,2025,2025txwac,2025txwac_qm9,9,2/28/2025 7:11:00 PM,red,frc5682,0,0,0,0,0,0,0,0,0,1,0,Middle,0,0,0,0,0,0,0,0.002590419632126,0,10.002590419632025,160.0,0,0,0,0,0,0,0,0,0,0,0,Not Parked,0,0,0,1.0,0,0
frc8749,2025,2025txwac,2025txwac_qm9,9,2/28/2025 7:11:00 PM,red,frc5866,6,0,6,0,0,0,0,0,1,0,0,Outside,0,0,0,0,0,0,0,0.4928154153051824,1,10.002590419632025,135.0,0,0,0,0,0,0,0,1,0,0,0,Not Parked,0,0,0,1.0,0,0
frc8749,2025,2025txwac,2025txwac_qm9,9,2/28/2025 7:11:00 PM,blue,frc8088,37,9,27,0,0,1,7,8,0,0,1,Inside,1,1,0,0,0,0,0,6.107525259420333,0,10.002590419632025,19.285714285714285,0,0,0,2,2,3,0,0,0,0,0,Not Parked,0,0,0,1.0,0,0
frc8749,2025,2025txwac,2025txwac_qm9,9,2/28/2025 7:11:00 PM,blue,frc7121,27,6,18,0,2,0,3,3,0,0,0,Not There,1,0,0,0,0,0,1,4.492815415305142,2,10.002590419632025,33.75,1,0,0,0,3,0,0,1,0,0,0,Parked,1,0,0,1.0,0,0
frc8749,2025,2025txwac,2025txwac_qm9,9,2/28/2025 7:11:00 PM,red,frc8858,18,0,18,0,0,0,0,0,0,0,1,Inside,0,0,0,0,0,0,0,3.662740416747463,3,10.002590419632025,45.0,0,0,0,0,0,0,0,3,0,0,0,Not Parked,0,0,0,1.0,0,0
frc8749,2025,2025txwac,2025txwac_qm10,10,2/28/2025 7:19:00 PM,red,frc1296,40,2,25,0,12,0,5,5,0,1,0,Middle,1,0,0,0,0,0,0,5.599322697292767,0,6.832665418189743,23.0,1,1,0,5,0,0,0,0,0,20,5,Deep Cage,1,0,0,1.0,0,0
frc8749,2025,2025txwac,2025txwac_qm10,10,2/28/2025 7:19:00 PM,red,frc2583,10,0,10,0,0,0,2,2,0,0,0,Not There,0,0,0,0,0,0,0,2.492815415305163,0,10.002590419632025,67.5,0,0,0,2,0,0,0,0,0,0,0,Not Parked,0,0,0,1.0,0,0
frc8749,2025,2025txwac,2025txwac_qm10,10,2/28/2025 7:19:00 PM,red,frc8507,9,2,4,0,2,0,2,2,1,0,0,Outside,1,0,0,0,0,0,0,2.492815415305163,0,10.002590419632025,67.5,0,1,0,0,0,0,2,0,0,0,0,Parked,0,0,0,1.0,0,0
frc8749,2025,2025txwac,2025txwac_qm10,10,2/28/2025 7:19:00 PM,blue,frc6672,14,7,5,0,2,1,1,2,0,1,0,Middle,0,1,0,0,0,0,0,0.4928154153051824,0,10.002590419632025,135.0,0,0,0,1,0,0,0,0,0,0,0,Parked,0,0,0,1.0,0,0
frc8749,2025,2025txwac,2025txwac_qm11,11,2/28/2025 7:27:00 PM,blue,frc9577,8,2,3,0,2,0,1,1,0,0,1,Inside,1,0,0,0,0,0,0,0.9554665075180891,0,6.002590419632064,115.0,1,0,0,0,0,1,0,0,0,20,0,Parked,0,0,0,1.0,0,0
frc8749,2025,2025txwac,2025txwac_qm11,11,2/28/2025 7:27:00 PM,blue,frc7125,0,0,0,0,0,0,0,0,0,0,0,Not There,0,0,0,0,0,0,0,0.002590419632126,0,10.002590419632025,160.0,0,0,0,0,0,0,0,0,0,0,0,Not Parked,0,0,0,1.0,0,0
frc8749,2025,2025txwac,2025txwac_qm11,11,2/28/2025 7:27:00 PM,red,frc8528,0,0,0,0,0,0,0,0,0,0,0,Not There,0,0,0,0,0,0,0,0.002590419632126,0,10.002590419632025,160.0,0,0,0,0,0,0,0,0,0,0,0,Not Parked,0,0,0,1.0,1,0
frc8749,2025,2025txwac,2025txwac_qm11,11,2/28/2025 7:27:00 PM,red,frc2950,27,8,16,0,2,1,1,2,0,1,0,Middle,1,0,1,0,0,0,0,4.125391508960369,2,8.002590419632043,38.333333333333336,1,0,0,0,1,0,0,2,0,20,10,Parked,0,0,0,1.0,0,0
frc8749,2025,2025txwac,2025txwac_qm12,12,2/28/2025 7:35:00 PM,red,frc3310,14,6,4,4,0,0,0,0,0,0,1,Inside,0,0,0,0,0,1,0,0.4928154153051824,2,10.002590419632025,135.0,1,0,1,0,0,0,0,0,1,0,0,Not Parked,0,0,0,1.0,1,0
frc8749,2025,2025txwac,2025txwac_qm12,12,2/28/2025 7:35:00 PM,red,frc5613,2,0,0,0,2,0,0,0,0,1,0,Middle,0,0,0,0,0,0,0,0.002590419632126,0,4.832665418189764,160.0,0,0,0,0,0,0,0,0,0,30,0,Parked,0,0,0,1.0,0,0
frc8749,2025,2025txwac,2025txwac_qm12,12,2/28/2025 7:35:00 PM,red,frc3005,15,2,0,0,12,0,0,0,1,0,0,Outside,1,0,0,0,0,0,0,0.002590419632126,0,5.358734229857346,160.0,0,0,0,0,0,0,0,0,0,55,30,Deep Cage,0,0,0,1.0,0,0
frc8749,2025,2025txwac,2025txwac_qm12,12,2/28/2025 7:35:00 PM,blue,frc9444,0,0,0,0,0,0,0,0,0,1,0,Middle,0,0,0,0,0,0,0,0.002590419632126,0,10.002590419632025,160.0,0,0,0,0,0,0,0,0,0,0,0,Not Parked,0,1,0,0.0,0,1
frc8749,2025,2025txwac,2025txwac_qm12,12,2/28/2025 7:35:00 PM,blue,frc6377,26,9,14,0,2,1,7,8,0,0,1,Inside,1,1,0,0,0,0,0,6.329587884197819,0,10.002590419632025,17.857142857142858,1,1,0,0,0,0,7,0,0,10,10,Parked,1,0,0,1.0,1,0
frc8749,2025,2025txwac,2025txwac_qm13,13,2/28/2025 7:43:00 PM,red,frc8732,7,2,4,0,0,0,1,1,0,1,0,Middle,1,0,0,0,0,0,0,0.4928154153051824,0,10.002590419632025,135.0,1,0,0,0,1,0,0,0,0,0,0,Not Parked,0,0,1,1.5,0,0
frc8749,2025,2025txwac,2025txwac_qm13,13,2/28/2025 7:43:00 PM,red,frc5503,9,2,0,0,6,0,0,0,0,0,1,Inside,1,0,0,0,0,0,0,0.002590419632126,0,6.002590419632064,160.0,0,0,0,0,0,0,0,0,0,20,0,Shallow Cage,0,0,0,1.0,0,0
frc8749,2025,2025txwac,2025txwac_qm13,13,2/28/2025 7:43:00 PM,blue,frc2468,26,0,14,0,12,0,7,7,1,0,0,Outside,0,0,0,0,0,0,0,6.329587884197819,0,10.002590419632025,17.857142857142858,0,0,0,0,0,0,7,0,0,10,5,Deep Cage,0,0,0,1.0,1,0
frc8749,2025,2025txwac,2025txwac_qm13,13,2/28/2025 7:43:00 PM,blue,frc2881,47,9,25,0,12,1,5,6,1,0,0,Outside,1,1,0,0,0,0,0,5.4765216079644805,0,8.002590419632043,24.0,1,0,0,5,0,0,0,0,0,15,5,Deep Cage,0,0,0,1.0,1,1
frc8749,2025,2025txwac,2025txwac_qm14,14,2/28/2025 7:51:00 PM,blue,frc2582,43,0,31,0,12,0,7,7,0,1,0,Middle,0,0,0,0,0,0,0,7.29531651040265,2,10.002590419632025,12.77777777777778,1,1,0,0,0,5,2,2,0,20,15,Deep Cage,1,0,0,1.0,1,0
frc8749,2025,2025txwac,2025txwac_qm14,14,2/28/2025 7:51:00 PM,blue,frc4610,6,0,6,0,0,0,0,0,0,0,1,Inside,0,0,0,0,0,0,0,0.4928154153051824,1,10.002590419632025,135.0,1,0,0,0,0,0,0,1,0,0,0,Not Parked,0,0,0,1.0,0,0
frc8749,2025,2025txwac,2025txwac_qm14,14,2/28/2025 7:51:00 PM,red,frc8515,15,2,12,0,0,0,3,3,1,0,0,Outside,1,0,0,0,0,0,0,3.662740416747463,0,10.002590419632025,45.0,0,0,0,0,3,0,0,0,0,0,0,Not Parked,0,0,0,1.0,0,0
frc8749,2025,2025txwac,2025txwac_qm14,14,2/28/2025 7:51:00 PM,red,frc6526,0,0,0,0,0,0,0,0,0,0,0,Not There,0,0,0,0,0,0,0,0.002590419632126,0,10.002590419632025,160.0,0,0,0,0,0,0,0,0,0,0,0,Not Parked,0,1,0,0.0,0,1
frc8749,2025,2025txwac,2025txwac_qm14,14,2/28/2025 7:51:00 PM,red,frc5866,35,2,30,0,2,0,0,0,0,0,1,Inside,1,0,0,0,0,0,0,5.13667160507986,5,10.002590419632025,27.0,0,1,0,0,0,0,0,5,0,0,0,Parked,0,0,0,1.0,0,1
frc8749,2025,2025txwac,2025txwac_qm15,15,2/28/2025 7:59:00 PM,red,frc2969,5,2,0,0,2,0,0,0,0,0,1,Inside,1,0,0,0,0,0,0,0.002590419632126,0,3.662740416747463,160.0,0,0,0,0,0,0,0,0,0,80,35,Parked,0,0,0,1.0,0,0
frc8749,2025,2025txwac,2025txwac_qm15,15,2/28/2025 7:59:00 PM,red,frc9786,7,2,2,0,2,0,1,1,0,1,0,Middle,1,0,0,0,0,0,0,0.4928154153051824,0,10.002590419632025,135.0,1,0,0,0,0,0,1,0,0,0,0,Parked,0,0,0,1.0,0,1
frc8749,2025,2025txwac,2025txwac_qm15,15,2/28/2025 7:59:00 PM,red,frc148,59,7,40,0,12,1,8,9,0,1,0,Middle,0,1,0,0,0,0,0,6.714878040082607,0,10.002590419632025,15.625,1,0,0,8,0,0,0,0,0,10,5,Deep Cage,1,0,0,1.0,1,1
frc8749,2025,2025txwac,2025txwac_qm15,15,2/28/2025 7:59:00 PM,blue,frc2714,54,16,35,0,2,2,6,8,0,0,1,Inside,1,2,0,0,0,0,0,6.329587884197819,1,8.002590419632043,17.857142857142858,0,0,0,5,1,0,0,1,0,0,10,Parked,0,0,0,1.0,0,0
frc8749,2025,2025txwac,2025txwac_qm15,15,2/28/2025 7:59:00 PM,blue,frc2583,17,7,10,0,0,1,2,3,1,0,0,Outside,0,1,0,0,0,0,0,2.492815415305163,0,10.002590419632025,67.5,0,0,0,2,0,0,0,0,0,0,0,Not Parked,0,0,0,1.0,0,0
frc8749,2025,2025txwac,2025txwac_qm15,15,2/28/2025 7:59:00 PM,blue,frc8858,2,0,0,0,2,0,0,0,0,1,0,Middle,0,0,0,0,0,0,0,0.002590419632126,0,10.002590419632025,160.0,0,0,0,0,0,0,0,0,0,0,0,Parked,0,0,0,1.0,0,0
frc8749,2025,2025txwac,2025txwac_qm16,16,2/28/2025 8:07:00 PM,blue,frc3005,57,14,43,0,0,2,9,11,1,0,0,Outside,0,2,0,0,0,0,0,7.13667160507984,1,10.002590419632025,13.5,1,0,0,4,3,1,1,1,0,0,0,Not Parked,1,0,0,1.0,1,1
frc8749,2025,2025txwac,2025txwac_qm16,16,2/28/2025 8:07:00 PM,blue,frc7121,17,2,14,0,0,0,3,3,0,0,1,Inside,1,0,0,0,0,0,0,4.832665418189764,0,6.832665418189743,30.0,1,0,0,2,1,0,0,0,0,30,45,Not Parked,0,0,0,1.0,0,0
frc8749,2025,2025txwac,2025txwac_qm16,16,2/28/2025 8:07:00 PM,blue,frc8749,18,0,6,0,12,0,0,0,0,1,0,Middle,0,0,0,0,0,0,0,0.4928154153051824,1,10.002590419632025,135.0,0,0,0,0,0,0,0,1,0,0,0,Deep Cage,1,0,0,1.0,0,0
frc8749,2025,2025txwac,2025txwac_qm16,16,2/28/2025 8:07:00 PM,red,frc10312,7,2,2,0,2,0,1,1,0,1,0,Middle,1,0,0,0,0,0,0,0.4928154153051824,0,10.002590419632025,135.0,1,0,0,0,0,0,1,0,0,0,0,Parked,0,0,0,1.0,0,0
frc8749,2025,2025txwac,2025txwac_qm16,16,2/28/2025 8:07:00 PM,red,frc418,30,2,25,0,2,0,5,5,1,0,0,Outside,1,0,0,0,0,0,0,5.13667160507986,0,10.002590419632025,27.0,1,0,0,5,0,0,0,0,0,0,0,Parked,1,0,0,1.0,0,0
frc8749,2025,2025txwac,2025txwac_qm16,16,2/28/2025 8:07:00 PM,red,frc1296,42,9,20,0,12,1,4,5,1,0,0,Outside,1,1,0,0,0,0,0,4.955466507518048,0,6.002590419632064,28.75,1,1,0,4,0,0,0,0,0,20,0,Deep Cage,0,0,0,1.0,0,0
frc8749,2025,2025txwac,2025txwac_qm17,17,2/28/2025 8:15:00 PM,red,frc2468,17,2,12,0,2,0,5,5,0,1,0,Middle,1,0,0,0,0,0,0,5.13667160507986,0,10.002590419632025,27.0,1,0,0,0,0,2,3,0,0,0,0,Parked,0,0,0,1.0,0,0
frc8749,2025,2025txwac,2025txwac_qm17,17,2/28/2025 8:15:00 PM,red,frc8732,11,0,11,0,0,0,3,3,1,0,0,Outside,0,0,0,0,0,0,0,3.662740416747463,0,10.002590419632025,45.0,0,0,0,0,2,1,0,0,0,0,0,Not Parked,0,0,0,1.0,0,1
frc8749,2025,2025txwac,2025txwac_qm17,17,2/28/2025 8:15:00 PM,red,frc8769,9,2,6,0,0,0,2,2,1,0,0,Outside,1,0,0,0,0,0,0,2.492815415305163,0,10.002590419632025,67.5,1,0,0,0,0,2,0,0,0,0,0,Not Parked,0,0,0,1.0,0,0
frc8749,2025,2025txwac,2025txwac_qm17,17,2/28/2025 8:15:00 PM,blue,frc2689,36,5,18,0,12,1,9,10,1,0,0,Outside,1,0,0,0,1,0,0,7.29531651040265,0,6.002590419632064,12.77777777777778,1,0,0,0,0,0,9,0,0,20,0,Deep Cage,0,0,0,1.0,0,1
frc8749,2025,2025txwac,2025txwac_qm17,17,2/28/2025 8:15:00 PM,blue,frc2950,31,2,26,0,2,0,1,1,0,0,1,Inside,1,0,0,0,0,0,0,5.358734229857346,4,8.002590419632043,25.0,0,1,0,0,0,0,1,4,0,10,0,Parked,0,0,0,1.0,0,1
frc8749,2025,2025txwac,2025txwac_qm17,17,2/28/2025 8:15:00 PM,blue,frc5503,2,0,0,0,2,0,0,0,0,1,0,Middle,0,0,0,0,0,0,0,0.002590419632126,0,10.002590419632025,160.0,0,0,0,0,0,0,0,0,0,0,0,Parked,0,0,0,1.0,0,0
frc8749,2025,2025txwac,2025txwac_qm18,18,2/28/2025 8:23:00 PM,blue,frc6526,0,0,0,0,0,0,0,0,0,0,1,Inside,0,0,0,0,0,0,0,0.002590419632126,0,10.002590419632025,160.0,0,0,0,0,0,0,0,0,0,0,0,Not Parked,0,1,0,0.0,0,0
frc8749,2025,2025txwac,2025txwac_qm18,18,2/28/2025 8:23:00 PM,blue,frc2582,58,5,40,0,12,1,8,9,0,1,0,Middle,1,0,0,0,1,0,0,7.083727182357458,0,8.002590419632043,13.75,1,0,0,8,0,0,0,0,0,25,15,Deep Cage,0,0,0,1.0,1,1
frc8749,2025,2025txwac,2025txwac_qm18,18,2/28/2025 8:23:00 PM,red,frc8507,19,2,4,0,12,0,2,2,1,0,0,Outside,1,0,0,0,0,0,0,3.217955574074571,0,8.002590419632043,52.5,1,0,0,0,0,0,2,0,0,30,20,Deep Cage,0,0,0,1.0,0,0
frc8749,2025,2025txwac,2025txwac_qm18,18,2/28/2025 8:23:00 PM,red,frc2687,18,0,6,0,12,0,2,2,0,0,0,Not There,0,0,0,0,0,0,0,2.714878040082647,0,10.002590419632025,62.5,1,0,0,0,0,2,0,0,0,10,5,Deep Cage,1,0,0,1.0,0,1
frc8749,2025,2025txwac,2025txwac_qm18,18,2/28/2025 8:23:00 PM,blue,frc5613,5,2,0,0,2,0,0,0,1,0,0,Outside,1,0,0,0,0,0,0,0.002590419632126,0,6.832665418189743,160.0,0,0,0,0,0,0,0,0,0,15,0,Parked,0,0,0,1.0,0,1
frc8749,2025,2025txwac,2025txwac_qm19,19,2/28/2025 8:31:00 PM,red,frc4610,37,2,22,0,12,0,5,5,0,1,0,Middle,1,0,0,0,0,0,0,5.4765216079644805,0,8.002590419632043,24.0,1,0,0,2,3,0,0,0,0,15,5,Deep Cage,0,0,0,1.0,0,0
frc8749,2025,2025txwac,2025txwac_qm19,19,2/28/2025 8:31:00 PM,red,frc6672,40,2,25,0,12,0,5,5,0,1,0,Middle,1,0,0,0,0,0,0,5.771635984792194,1,10.002590419632025,21.666666666666668,1,0,0,0,4,1,0,1,0,5,0,Deep Cage,1,0,0,1.0,1,1
frc8749,2025,2025txwac,2025txwac_qm19,19,2/28/2025 8:31:00 PM,blue,frc2881,37,2,22,0,12,0,5,5,0,0,1,Inside,1,0,0,0,0,0,0,5.727583372132196,0,5.358734229857346,22.0,1,0,0,2,3,0,0,0,0,25,0,Deep Cage,0,0,0,1.0,0,1
frc8749,2025,2025txwac,2025txwac_qm19,19,2/28/2025 8:31:00 PM,blue,frc8515,22,2,7,0,12,0,2,2,0,1,0,Middle,1,0,0,0,0,0,0,3.0837271823574977,0,5.358734229857346,55.0,1,0,0,1,0,0,1,0,0,25,0,Deep Cage,0,0,0,1.0,0,0
frc8749,2025,2025txwac,2025txwac_qm20,20,2/28/2025 8:39:00 PM,red,frc8528,3,2,0,0,0,0,0,0,0,0,1,Inside,1,0,0,0,0,0,0,0.002590419632126,0,10.002590419632025,160.0,0,0,0,0,0,0,0,0,0,0,0,Not Parked,0,1,0,0.0,0,0
frc8749,2025,2025txwac,2025txwac_qm20,20,2/28/2025 8:39:00 PM,red,frc5682,5,2,0,0,2,0,0,0,0,1,0,Middle,1,0,0,0,0,0,0,0.002590419632126,0,10.002590419632025,160.0,0,0,0,0,0,0,0,0,0,5,0,Parked,0,0,0,1.0,0,1
frc8749,2025,2025txwac,2025txwac_qm20,20,2/28/2025 8:39:00 PM,red,frc9444,3,2,0,0,0,0,0,0,0,0,1,Inside,1,0,0,0,0,0,0,0.002590419632126,0,10.002590419632025,160.0,0,0,0,0,0,0,0,0,0,0,0,Not Parked,0,0,0,1.0,0,0
frc8749,2025,2025txwac,2025txwac_qm20,20,2/28/2025 8:39:00 PM,blue,frc8408,2,0,0,0,2,0,0,0,0,1,0,Middle,0,0,0,0,0,0,0,0.002590419632126,0,10.002590419632025,160.0,1,0,0,0,0,0,0,0,0,0,0,Parked,0,0,0,1.0,0,1
frc8749,2025,2025txwac,2025txwac_qm20,20,2/28/2025 8:39:00 PM,blue,frc9054,3,2,0,0,0,0,0,0,0,0,1,Inside,1,0,0,0,0,0,0,0.002590419632126,0,10.002590419632025,160.0,1,0,0,0,0,0,0,0,0,0,0,Not Parked,0,0,0,1.0,0,1
frc8749,2025,2025txwac,2025txwac_qm20,20,2/28/2025 8:39:00 PM,blue,frc10062,5,2,0,0,2,0,0,0,1,0,0,Outside,1,0,0,0,0,0,0,0.002590419632126,0,8.002590419632043,160.0,0,0,0,0,0,0,0,0,0,10,0,Parked,0,0,0,1.0,0,0
frc8749,2025,2025txwac,2025txwac_qm21,21,2/28/2025 8:47:00 PM,red,frc8769,11,0,11,0,0,0,2,2,1,0,0,Outside,0,0,0,0,0,0,0,3.662740416747463,1,10.002590419632025,45.0,0,0,0,0,0,1,1,1,0,0,0,Not Parked,0,0,0,1.0,0,0
frc8749,2025,2025txwac,2025txwac_qm21,21,2/28/2025 8:47:00 PM,blue,frc1296,40,2,25,0,12,0,5,5,0,0,1,Inside,1,0,0,0,0,0,0,5.4765216079644805,0,8.002590419632043,24.0,0,0,0,5,0,0,0,0,0,15,5,Deep Cage,0,0,0,1.0,0,1
frc8749,2025,2025txwac,2025txwac_qm21,21,2/28/2025 8:47:00 PM,blue,frc6377,24,0,24,0,0,0,12,12,0,1,0,Middle,0,0,0,0,0,0,0,7.662740416747422,0,10.002590419632025,11.25,0,0,0,0,0,0,12,0,0,0,0,Not Parked,0,0,0,1.0,0,0
frc8749,2025,2025txwac,2025txwac_qm21,21,2/28/2025 8:47:00 PM,blue,frc5503,7,2,2,0,2,0,1,1,1,0,0,Outside,1,0,0,0,0,0,0,0.4928154153051824,0,10.002590419632025,135.0,1,0,0,0,0,0,1,0,0,0,0,Parked,1,0,0,1.0,0,0
frc8749,2025,2025txwac,2025txwac_qm21,21,2/28/2025 8:47:00 PM,red,frc5212,16,2,13,0,0,0,3,3,0,1,0,Middle,1,0,0,0,0,0,0,4.492815415305142,1,10.002590419632025,33.75,1,0,0,0,0,1,2,1,0,0,0,Not Parked,0,0,0,1.0,0,0
frc8749,2025,2025txwac,2025txwac_qm21,21,2/28/2025 8:47:00 PM,red,frc7125,6,2,3,0,0,0,1,1,0,0,1,Inside,1,0,0,0,0,0,0,0.4928154153051824,0,10.002590419632025,135.0,0,0,0,0,0,1,0,0,0,0,0,Not Parked,0,0,0,1.0,0,1
frc8749,2025,2025txwac,2025txwac_qm22,22,2/28/2025 8:55:00 PM,red,frc418,50,2,35,0,12,0,7,7,0,0,1,Inside,1,0,0,0,0,0,0,6.329587884197819,0,10.002590419632025,17.857142857142858,0,0,0,7,0,0,0,0,0,10,5,Deep Cage,1,0,0,1.0,1,1
frc8749,2025,2025txwac,2025txwac_qm22,22,2/28/2025 8:55:00 PM,red,frc7121,21,2,18,0,0,0,0,0,1,0,0,Outside,1,0,0,0,0,0,0,3.662740416747463,3,10.002590419632025,45.0,0,0,0,0,0,0,0,3,0,0,0,Not Parked,0,0,0,1.0,0,1
frc8749,2025,2025txwac,2025txwac_qm22,22,2/28/2025 8:55:00 PM,red,frc8507,3,2,0,0,0,0,0,0,0,1,0,Middle,1,0,0,0,0,0,0,0.002590419632126,0,10.002590419632025,160.0,0,0,0,0,0,0,0,0,0,0,0,Not Parked,0,0,0,1.0,0,0
frc8749,2025,2025txwac,2025txwac_qm22,22,2/28/2025 8:55:00 PM,blue,frc2714,50,2,35,0,12,0,8,8,1,0,0,Outside,1,0,0,0,0,0,0,6.714878040082607,0,10.002590419632025,15.625,1,0,0,5,2,0,1,0,0,10,5,Deep Cage,0,0,0,1.0,0,0
frc8749,2025,2025txwac,2025txwac_qm22,22,2/28/2025 8:55:00 PM,blue,frc2689,0,0,0,0,0,0,0,0,1,0,0,Outside,0,0,0,0,0,0,0,0.002590419632126,0,10.002590419632025,160.0,0,0,0,0,0,0,0,0,0,0,0,Not Parked,0,0,0,1.0,0,0
frc8749,2025,2025txwac,2025txwac_qm23,23,2/28/2025 9:03:00 PM,blue,frc5613,5,2,0,0,2,0,0,0,1,0,0,Outside,1,0,0,0,0,0,0,0.002590419632126,0,10.002590419632025,160.0,0,0,0,0,0,0,0,0,0,0,0,Parked,0,0,0,1.0,0,1
frc8749,2025,2025txwac,2025txwac_qm23,23,2/28/2025 9:03:00 PM,red,frc8858,12,0,0,0,12,0,0,0,0,0,1,Inside,0,0,0,0,0,0,0,0.002590419632126,0,10.002590419632025,160.0,0,0,0,0,0,0,0,0,0,10,5,Deep Cage,0,0,0,1.0,0,0
frc8749,2025,2025txwac,2025txwac_qm23,23,2/28/2025 9:03:00 PM,blue,frc8515,17,2,2,0,12,0,1,1,0,0,1,Inside,1,0,0,0,0,0,0,0.832665418189805,0,10.002590419632025,120.0,0,0,0,0,0,0,1,0,0,15,10,Deep Cage,0,0,0,1.0,0,0
frc8749,2025,2025txwac,2025txwac_qm23,23,2/28/2025 9:03:00 PM,red,frc2950,19,2,16,0,0,0,2,2,1,0,0,Outside,1,0,0,0,0,0,0,3.662740416747463,1,10.002590419632025,45.0,1,0,0,2,0,0,0,1,0,0,0,Not Parked,0,0,0,1.0,0,1
frc8749,2025,2025txwac,2025txwac_qm23,23,2/28/2025 9:03:00 PM,red,frc8749,44,2,29,0,12,0,6,6,0,1,0,Middle,1,0,0,0,0,0,0,6.002590419632064,0,8.002590419632043,20.0,1,0,0,5,1,0,0,0,0,15,5,Deep Cage,0,0,0,1.0,0,0
frc8749,2025,2025txwac,2025txwac_qm23,23,2/28/2025 9:03:00 PM,blue,frc2158,17,2,12,0,2,0,0,0,0,1,0,Middle,1,0,0,0,0,0,0,2.492815415305163,2,10.002590419632025,67.5,1,0,0,0,0,0,0,2,0,0,0,Parked,1,0,0,1.0,0,0
frc8749,2025,2025txwac,2025txwac_qm24,24,2/28/2025 9:11:00 PM,red,frc10312,3,2,0,0,0,0,0,0,1,0,0,Outside,1,0,0,0,0,0,0,0.002590419632126,0,10.002590419632025,160.0,1,0,0,0,0,0,0,0,0,0,0,Not Parked,0,0,0,1.0,0,0
frc8749,2025,2025txwac,2025txwac_qm24,24,2/28/2025 9:11:00 PM,red,frc8408,0,0,0,0,0,0,0,0,0,0,0,Not There,0,0,0,0,0,0,0,0.002590419632126,0,10.002590419632025,160.0,0,0,0,0,0,0,0,0,0,0,0,Not Parked,0,0,0,1.0,0,0
frc8749,2025,2025txwac,2025txwac_qm24,24,2/28/2025 9:11:00 PM,red,frc3005,22,7,15,0,0,1,3,4,0,0,0,Not There,0,1,0,0,0,0,0,3.662740416747463,0,10.002590419632025,45.0,0,0,0,3,0,0,0,0,0,0,0,Not Parked,0,0,0,1.0,0,0
frc8749,2025,2025txwac,2025txwac_qm24,24,2/28/2025 9:11:00 PM,blue,frc8732,0,0,0,0,0,0,0,0,0,0,0,Not There,0,0,0,0,0,0,0,0.002590419632126,0,10.002590419632025,160.0,0,0,0,0,0,0,0,0,0,0,0,Not Parked,0,0,0,1.0,0,0
frc8749,2025,2025txwac,2025txwac_qm24,24,2/28/2025 9:11:00 PM,blue,frc9786,3,2,0,0,0,0,0,0,0,0,1,Inside,1,0,0,0,0,0,0,0.002590419632126,0,10.002590419632025,160.0,0,0,0,0,0,0,0,0,0,0,0,Not Parked,0,0,0,1.0,0,0
frc8749,2025,2025txwac,2025txwac_qm25,25,2/28/2025 9:19:00 PM,blue,frc6672,10,0,8,0,2,0,2,2,0,0,0,Not There,0,0,0,0,0,0,0,2.714878040082647,0,10.002590419632025,62.5,0,0,0,0,2,0,0,0,0,10,5,Parked,0,0,0,1.0,0,0
frc8749,2025,2025txwac,2025txwac_qm25,25,2/28/2025 9:19:00 PM,blue,frc9444,2,0,0,0,2,0,0,0,0,0,1,Inside,0,0,0,0,0,0,0,0.002590419632126,0,10.002590419632025,160.0,0,0,0,0,0,0,0,0,0,0,0,Parked,0,0,0,1.0,0,0
frc8749,2025,2025txwac,2025txwac_qm25,25,2/28/2025 9:19:00 PM,blue,frc8088,38,8,29,0,0,1,6,7,0,1,0,Middle,1,0,1,0,0,0,0,5.662740416747443,0,10.002590419632025,22.5,1,0,0,5,1,0,0,0,0,0,0,Not Parked,0,0,0,1.0,0,0
frc8749,2025,2025txwac,2025txwac_qm25,25,2/28/2025 9:19:00 PM,red,frc2881,25,9,15,0,0,1,3,4,1,0,0,Outside,1,1,0,0,0,0,0,3.662740416747463,0,10.002590419632025,45.0,1,0,0,3,0,0,0,0,0,0,0,Not Parked,0,0,0,1.0,1,1
frc8749,2025,2025txwac,2025txwac_qm25,25,2/28/2025 9:19:00 PM,red,frc148,43,9,21,0,12,1,4,5,0,0,0,Not There,1,1,0,0,0,0,0,5.358734229857346,1,10.002590419632025,25.0,1,0,0,1,2,0,1,1,0,10,5,Deep Cage,0,0,0,1.0,1,0
frc8749,2025,2025txwac,2025txwac_qm25,25,2/28/2025 9:19:00 PM,red,frc6377,4,0,4,0,0,0,2,2,0,0,0,Not There,0,0,0,0,0,0,0,2.492815415305163,0,10.002590419632025,67.5,0,0,0,0,0,0,2,0,0,0,0,Not Parked,0,0,0,1.0,0,0
frc8749,2025,2025txwac,2025txwac_qm26,26,2/28/2025 9:27:00 PM,red,frc4610,19,8,8,0,2,1,1,2,0,0,1,Inside,1,0,1,0,0,0,0,3.827664737131407,1,3.358734229857367,42.5,1,0,0,0,0,0,1,1,0,0,50,Parked,0,0,0,1.0,0,1
frc8749,2025,2025txwac,2025txwac_qm26,26,2/28/2025 9:27:00 PM,red,frc2468,10,6,3,0,0,1,1,2,0,1,0,Middle,1,0,0,1,0,0,0,0.4928154153051824,0,10.002590419632025,135.0,1,0,0,0,0,1,0,0,0,0,0,Not Parked,0,0,0,1.0,0,0
frc8749,2025,2025txwac,2025txwac_qm26,26,2/28/2025 9:27:00 PM,blue,frc2583,9,7,0,0,2,1,0,1,0,0,1,Inside,0,1,0,0,0,0,0,0.002590419632126,0,10.002590419632025,160.0,0,0,0,0,0,0,0,0,0,0,0,Parked,0,0,0,1.0,0,0
frc8749,2025,2025txwac,2025txwac_qm26,26,2/28/2025 9:27:00 PM,blue,frc2582,10,0,10,0,0,0,2,2,0,0,0,Not There,0,0,0,0,0,0,0,2.492815415305163,0,10.002590419632025,67.5,0,0,0,2,0,0,0,0,0,0,0,Not Parked,0,0,0,1.0,0,0
frc8749,2025,2025txwac,2025txwac_qm27,27,2/28/2025 9:35:00 PM,red,frc5682,10,0,10,0,0,0,2,2,0,0,0,Not There,0,0,0,0,0,0,0,2.9554665075180697,0,10.002590419632025,57.5,0,0,0,2,0,0,0,0,0,20,15,Not Parked,0,0,0,1.0,0,0
frc8749,2025,2025txwac,2025txwac_qm27,27,2/28/2025 9:35:00 PM,red,frc5212,5,2,0,0,2,0,0,0,0,1,0,Middle,1,0,0,0,0,0,0,0.002590419632126,0,10.002590419632025,160.0,1,0,0,0,0,0,0,0,0,0,0,Parked,0,1,0,0.0,0,1
frc8749,2025,2025txwac,2025txwac_qm27,27,2/28/2025 9:35:00 PM,blue,frc5866,22,0,20,0,2,0,1,1,0,0,1,Inside,0,0,0,0,0,0,0,4.492815415305142,3,10.002590419632025,33.75,0,0,0,0,0,0,1,3,0,0,0,Parked,0,0,0,1.0,0,0
frc8749,2025,2025txwac,2025txwac_qm27,27,2/28/2025 9:35:00 PM,blue,frc3310,21,2,16,0,2,0,0,0,0,0,0,Not There,1,0,0,0,0,0,0,4.492815415305142,4,10.002590419632025,33.75,1,0,0,0,0,0,0,0,4,0,0,Parked,0,0,0,1.0,1,0
frc8749,2025,2025txwac,2025txwac_qm28,28,2/28/2025 9:43:00 PM,blue,frc418,35,2,30,0,2,0,6,6,0,0,1,Inside,1,0,0,0,0,0,0,6.002590419632064,0,6.832665418189743,20.0,1,0,0,6,0,0,0,0,0,15,0,Parked,0,0,0,1.0,0,1
frc8749,2025,2025txwac,2025txwac_qm28,28,2/28/2025 9:43:00 PM,blue,frc9577,11,2,6,0,2,0,0,0,1,0,0,Outside,1,0,0,0,0,0,0,0.4928154153051824,1,10.002590419632025,135.0,1,0,0,0,0,0,0,1,0,0,0,Parked,0,0,0,1.0,0,1
frc8749,2025,2025txwac,2025txwac_qm28,28,2/28/2025 9:43:00 PM,blue,frc8732,24,0,24,0,0,0,3,3,0,0,0,Not There,0,0,0,0,0,0,0,5.13667160507986,2,10.002590419632025,27.0,0,0,0,2,0,0,1,2,0,0,0,Not Parked,1,0,0,1.0,0,0
frc8749,2025,2025txwac,2025txwac_qm28,28,2/28/2025 9:43:00 PM,red,frc2687,24,3,15,0,6,1,5,6,1,0,0,Outside,0,0,0,0,1,0,0,5.358734229857346,0,10.002590419632025,25.0,0,0,0,0,0,5,0,0,0,10,5,Shallow Cage,0,0,0,1.0,0,0
frc8749,2025,2025txwac,2025txwac_qm28,28,2/28/2025 9:43:00 PM,red,frc2158,5,2,0,0,2,0,0,0,0,1,0,Middle,1,0,0,0,0,0,0,0.002590419632126,0,6.832665418189743,160.0,0,0,0,0,0,0,0,0,0,15,0,Parked,0,0,0,1.0,0,0
frc8749,2025,2025txwac,2025txwac_qm29,29,2/28/2025 9:51:00 PM,red,frc8858,21,2,18,0,0,0,0,0,0,1,0,Middle,1,0,0,0,0,0,0,3.662740416747463,3,10.002590419632025,45.0,0,0,0,0,0,0,0,3,0,0,0,Not Parked,1,0,0,1.0,0,0
frc8749,2025,2025txwac,2025txwac_qm29,29,2/28/2025 9:51:00 PM,red,frc8515,11,2,6,0,2,0,0,0,1,0,0,Outside,1,0,0,0,0,0,0,0.4928154153051824,1,10.002590419632025,135.0,1,0,0,0,0,0,0,1,0,0,0,Parked,0,0,0,1.0,0,0
frc8749,2025,2025txwac,2025txwac_qm29,29,2/28/2025 9:51:00 PM,red,frc9786,5,2,0,0,2,0,0,0,0,0,1,Inside,1,0,0,0,0,0,0,0.002590419632126,0,10.002590419632025,160.0,1,0,0,0,0,0,0,0,0,0,0,Parked,0,0,0,1.0,0,1
frc8749,2025,2025txwac,2025txwac_qm29,29,2/28/2025 9:51:00 PM,blue,frc6526,5,2,0,0,2,0,0,0,0,0,1,Inside,1,0,0,0,0,0,0,0.002590419632126,0,8.002590419632043,160.0,0,0,0,0,0,0,0,0,0,10,0,Parked,0,0,0,1.0,0,1
frc8749,2025,2025txwac,2025txwac_qm29,29,2/28/2025 9:51:00 PM,blue,frc8769,6,0,4,0,2,0,2,2,1,0,0,Outside,0,0,0,0,0,0,0,2.492815415305163,0,10.002590419632025,67.5,0,0,0,0,0,0,2,0,0,0,0,Parked,0,0,0,1.0,0,0
frc8749,2025,2025txwac,2025txwac_qm29,29,2/28/2025 9:51:00 PM,blue,frc9444,0,0,0,0,0,0,0,0,0,0,0,Not There,0,0,0,0,0,0,0,0.002590419632126,0,10.002590419632025,160.0,0,0,0,0,0,0,0,0,0,0,0,Not Parked,0,1,0,0.0,0,1
frc8749,2025,2025txwac,2025txwac_qm30,30,2/28/2025 9:59:00 PM,blue,frc6672,6,5,0,0,0,1,0,1,0,1,0,Middle,1,0,0,0,1,0,0,0.002590419632126,0,10.002590419632025,160.0,0,0,0,0,0,0,0,0,0,0,0,Not Parked,0,0,0,1.0,0,1
frc8749,2025,2025txwac,2025txwac_qm30,30,2/28/2025 9:59:00 PM,blue,frc5613,5,2,0,0,2,0,0,0,1,0,0,Outside,1,0,0,0,0,0,0,0.002590419632126,0,10.002590419632025,160.0,0,0,0,0,0,0,0,0,0,0,0,Parked,0,0,0,1.0,0,0
frc8749,2025,2025txwac,2025txwac_qm30,30,2/28/2025 9:59:00 PM,blue,frc10312,2,0,0,0,2,0,0,0,0,0,1,Inside,0,0,0,0,0,0,0,0.002590419632126,0,10.002590419632025,160.0,0,0,0,0,0,0,0,0,0,0,0,Parked,0,0,0,1.0,0,0
frc8749,2025,2025txwac,2025txwac_qm30,30,2/28/2025 9:59:00 PM,red,frc2950,33,2,30,0,0,0,0,0,1,0,0,Outside,1,0,0,0,0,0,0,5.13667160507986,5,10.002590419632025,27.0,0,0,0,0,0,0,0,5,0,0,0,Not Parked,0,0,0,1.0,1,1
frc8749,2025,2025txwac,2025txwac_qm30,30,2/28/2025 9:59:00 PM,red,frc2714,36,2,27,0,6,0,7,7,1,0,0,Outside,1,0,0,0,0,0,0,6.57017635163324,0,6.002590419632064,16.428571428571427,1,0,0,3,2,0,2,0,0,20,0,Shallow Cage,0,0,0,1.0,1,0
frc8749,2025,2025txwac,2025txwac_qm30,30,2/28/2025 9:59:00 PM,red,frc2582,36,9,14,0,12,1,4,5,0,1,0,Middle,1,1,0,0,0,0,0,4.832665418189764,0,10.002590419632025,30.0,1,0,0,0,2,2,0,0,0,15,10,Deep Cage,0,0,0,1.0,0,0
frc8749,2025,2025txwac,2025txwac_qm31,31,2/28/2025 10:07:00 PM,red,frc3005,31,2,26,0,2,0,4,4,1,0,0,Outside,1,0,0,0,0,0,0,5.884803041524927,2,8.002590419632043,20.83333333333333,1,0,0,0,2,2,0,2,0,10,0,Parked,1,0,0,1.0,0,0
frc8749,2025,2025txwac,2025txwac_qm31,31,2/28/2025 10:07:00 PM,red,frc10062,3,2,0,0,0,0,0,0,0,0,1,Inside,1,0,0,0,0,0,0,0.002590419632126,0,10.002590419632025,160.0,0,0,0,0,0,0,0,0,0,0,0,Not Parked,0,0,0,1.0,0,0
frc8749,2025,2025txwac,2025txwac_qm31,31,2/28/2025 10:07:00 PM,red,frc8088,33,0,33,0,0,0,8,8,1,0,0,Outside,0,0,0,0,0,0,0,6.492815415305122,0,10.002590419632025,16.875,0,0,0,4,2,1,1,0,0,0,0,Not Parked,0,0,0,1.0,0,0
frc8749,2025,2025txwac,2025txwac_qm31,31,2/28/2025 10:07:00 PM,blue,frc7125,5,2,0,0,2,0,0,0,0,0,1,Inside,1,0,0,0,0,0,0,0.002590419632126,0,10.002590419632025,160.0,0,0,0,0,0,0,0,0,0,0,0,Parked,0,0,0,1.0,0,1
frc8749,2025,2025txwac,2025txwac_qm31,31,2/28/2025 10:07:00 PM,blue,frc2969,5,2,0,0,2,0,0,0,1,0,0,Outside,1,0,0,0,0,0,0,0.002590419632126,0,10.002590419632025,160.0,0,0,0,0,0,0,0,0,0,5,0,Parked,0,0,0,1.0,0,1
frc8749,2025,2025txwac,2025txwac_qm31,31,2/28/2025 10:07:00 PM,blue,frc8507,20,5,8,0,6,1,4,5,0,1,0,Middle,1,0,0,0,1,0,0,4.955466507518048,0,6.002590419632064,28.75,1,0,0,0,0,0,4,0,0,20,0,Shallow Cage,0,0,0,1.0,0,0
frc8749,2025,2025txwac,2025txwac_qm32,32,2/28/2025 10:15:00 PM,blue,frc3310,17,2,14,0,0,0,0,0,1,0,0,Outside,1,0,0,0,0,0,0,3.662740416747463,3,10.002590419632025,45.0,0,0,0,0,0,0,0,1,2,0,0,Not Parked,0,0,0,1.0,0,0
frc8749,2025,2025txwac,2025txwac_qm32,32,2/28/2025 10:15:00 PM,blue,frc148,59,2,44,0,12,0,8,8,0,1,0,Middle,1,0,0,0,0,0,0,7.358734229857325,2,8.002590419632043,12.5,1,0,0,6,1,0,1,0,2,10,0,Deep Cage,0,0,0,1.0,1,1
frc8749,2025,2025txwac,2025txwac_qm32,32,2/28/2025 10:15:00 PM,blue,frc5212,2,0,0,0,2,0,0,0,0,0,1,Inside,0,0,0,0,0,0,0,0.002590419632126,0,10.002590419632025,160.0,0,0,0,0,0,0,0,0,0,0,0,Parked,0,0,0,1.0,0,0
frc8749,2025,2025txwac,2025txwac_qm32,32,2/28/2025 10:15:00 PM,red,frc7121,11,0,11,0,0,0,1,1,0,1,0,Middle,0,0,0,0,0,0,0,2.492815415305163,1,10.002590419632025,67.5,0,0,0,1,0,0,0,1,0,0,0,Not Parked,0,0,0,1.0,0,0
frc8749,2025,2025txwac,2025txwac_qm32,32,2/28/2025 10:15:00 PM,red,frc9577,15,2,12,0,0,0,0,0,0,1,0,Middle,1,0,0,0,0,0,0,2.492815415305163,2,10.002590419632025,67.5,0,1,0,0,0,0,0,2,0,0,0,Not Parked,0,0,0,1.0,0,0
frc8749,2025,2025txwac,2025txwac_qm32,32,2/28/2025 10:15:00 PM,red,frc9054,0,0,0,0,0,0,0,0,0,0,1,Inside,0,0,0,0,0,0,0,0.002590419632126,0,10.002590419632025,160.0,0,0,0,0,0,0,0,0,0,0,0,Not Parked,0,1,0,0.0,0,1
frc8749,2025,2025txwac,2025txwac_qm33,33,2/28/2025 10:23:00 PM,red,frc2583,48,7,41,0,0,1,9,10,0,0,1,Inside,0,1,0,0,0,0,0,6.832665418189743,0,10.002590419632025,15.0,0,0,0,7,0,2,0,0,0,0,0,Not Parked,0,0,0,1.0,0,0
frc8749,2025,2025txwac,2025txwac_qm33,33,2/28/2025 10:23:00 PM,red,frc6377,34,5,28,0,0,1,14,15,0,1,0,Middle,1,0,0,0,1,0,0,8.107525259420314,0,10.002590419632025,9.642857142857142,0,1,0,0,0,0,14,0,0,0,0,Not Parked,0,0,0,1.0,0,1
frc8749,2025,2025txwac,2025txwac_qm33,33,2/28/2025 10:23:00 PM,blue,frc2468,8,2,3,0,2,0,1,1,0,1,0,Middle,1,0,0,0,0,0,0,0.4928154153051824,0,10.002590419632025,135.0,0,0,0,0,0,1,0,0,0,0,0,Parked,0,0,0,1.0,0,0
frc8749,2025,2025txwac,2025txwac_qm33,33,2/28/2025 10:23:00 PM,blue,frc5866,2,0,0,0,2,0,0,0,1,0,0,Outside,0,0,0,0,0,0,0,0.002590419632126,0,10.002590419632025,160.0,0,1,0,0,0,0,0,0,0,0,0,Parked,0,0,0,1.0,0,1
frc8749,2025,2025txwac,2025txwac_qm34,34,2/28/2025 10:31:00 PM,red,frc2881,40,2,25,0,12,0,5,5,0,0,0,Not There,1,0,0,0,0,0,0,5.4765216079644805,0,8.002590419632043,24.0,0,0,0,5,0,0,0,0,0,15,5,Deep Cage,1,0,0,1.0,1,0
frc8749,2025,2025txwac,2025txwac_qm34,34,2/28/2025 10:31:00 PM,red,frc5503,3,2,0,0,0,0,0,0,0,1,0,Middle,1,0,0,0,0,0,0,0.002590419632126,0,10.002590419632025,160.0,0,0,0,0,0,0,0,0,0,0,0,Not Parked,0,1,0,0.0,0,0
frc8749,2025,2025txwac,2025txwac_qm34,34,2/28/2025 10:31:00 PM,blue,frc8749,50,2,45,0,2,0,10,10,0,0,1,Inside,1,0,0,0,0,0,0,7.599322697292747,0,6.002590419632064,11.5,1,0,0,7,2,0,1,0,0,20,0,Parked,0,0,0,1.0,0,1
frc8749,2025,2025txwac,2025txwac_qm34,34,2/28/2025 10:31:00 PM,blue,frc2689,10,0,10,0,0,0,2,2,0,0,0,Not There,0,0,0,0,0,0,0,2.492815415305163,0,10.002590419632025,67.5,0,0,0,2,0,0,0,0,0,0,0,Not Parked,1,0,0,1.0,0,0
frc8749,2025,2025txwac,2025txwac_qm34,34,2/28/2025 10:31:00 PM,blue,frc5682,3,2,0,0,0,0,0,0,0,1,0,Middle,1,0,0,0,0,0,0,0.002590419632126,0,10.002590419632025,160.0,0,0,0,0,0,0,0,0,0,0,0,Not Parked,0,0,0,1.0,0,1
frc8749,2025,2025txwac,2025txwac_qm35,35,2/28/2025 10:39:00 PM,red,frc8408,3,2,0,0,0,0,0,0,0,1,0,Middle,1,0,0,0,0,0,0,0.002590419632126,0,10.002590419632025,160.0,0,0,0,0,0,0,0,0,0,0,0,Not Parked,0,0,0,1.0,0,1
frc8749,2025,2025txwac,2025txwac_qm35,35,2/28/2025 10:39:00 PM,blue,frc8515,3,2,0,0,0,0,0,0,1,0,0,Outside,1,0,0,0,0,0,0,0.002590419632126,0,10.002590419632025,160.0,0,0,0,0,0,0,0,0,0,0,0,Not Parked,0,0,0,1.0,0,0
frc8749,2025,2025txwac,2025txwac_qm35,35,2/28/2025 10:39:00 PM,blue,frc9444,2,0,0,0,2,0,0,0,0,1,0,Middle,0,0,0,0,0,0,0,0.002590419632126,0,10.002590419632025,160.0,0,0,0,0,0,0,0,0,0,0,0,Parked,0,0,0,1.0,0,0
frc8749,2025,2025txwac,2025txwac_qm35,35,2/28/2025 10:39:00 PM,blue,frc10062,2,0,0,0,2,0,0,0,0,0,1,Inside,0,0,0,0,0,0,0,0.002590419632126,0,10.002590419632025,160.0,0,0,0,0,0,0,0,0,0,0,0,Parked,0,0,0,1.0,0,0
frc8749,2025,2025txwac,2025txwac_qm35,35,2/28/2025 10:39:00 PM,red,frc2969,5,2,0,0,2,0,0,0,1,0,0,Outside,1,0,0,0,0,0,0,0.002590419632126,0,10.002590419632025,160.0,0,0,0,0,0,0,0,0,0,0,0,Parked,0,0,0,1.0,0,1
frc8749,2025,2025txwac,2025txwac_qm36,36,2/28/2025 10:47:00 PM,red,frc7125,3,2,0,0,0,0,0,0,0,0,1,Inside,1,0,0,0,0,0,0,0.002590419632126,0,10.002590419632025,160.0,0,0,0,0,0,0,0,0,0,0,0,Not Parked,0,0,0,1.0,0,1
frc8749,2025,2025txwac,2025txwac_qm36,36,2/28/2025 10:47:00 PM,red,frc2158,3,2,0,0,0,0,0,0,1,0,0,Outside,1,0,0,0,0,0,0,0.002590419632126,0,10.002590419632025,160.0,0,0,0,0,0,0,0,0,0,0,0,Not Parked,0,0,0,1.0,0,0
frc8749,2025,2025txwac,2025txwac_qm36,36,2/28/2025 10:47:00 PM,blue,frc6672,16,2,13,0,0,0,2,2,0,1,0,Middle,1,0,0,0,0,0,0,4.125391508960369,1,10.002590419632025,38.333333333333336,0,0,0,1,0,0,1,1,0,20,15,Not Parked,0,0,0,1.0,0,0
frc8749,2025,2025txwac,2025txwac_qm36,36,2/28/2025 10:47:00 PM,blue,frc9577,11,2,8,0,0,0,1,1,1,0,0,Outside,1,0,0,0,0,0,0,2.492815415305163,1,10.002590419632025,67.5,0,1,0,0,0,0,1,1,0,0,0,Not Parked,0,0,0,1.0,0,1
frc8749,2025,2025txwac,2025txwac_qm36,36,2/28/2025 10:47:00 PM,blue,frc148,59,7,40,0,12,1,5,6,0,0,0,Not There,0,1,0,0,0,0,0,7.054728042967228,4,10.002590419632025,13.88888888888889,0,0,0,4,1,0,0,0,4,10,5,Deep Cage,0,0,0,1.0,0,0
frc8749,2025,2025txwac,2025txwac_qm37,37,2/28/2025 10:55:00 PM,blue,frc2583,19,0,19,0,0,0,5,5,0,0,0,Not There,0,0,0,0,0,0,0,5.13667160507986,0,10.002590419632025,27.0,0,0,0,3,0,0,2,0,0,0,0,Not Parked,1,0,0,1.0,0,0
frc8749,2025,2025txwac,2025txwac_qm37,37,2/28/2025 10:55:00 PM,blue,frc3005,70,9,48,0,12,1,12,13,1,0,0,Outside,1,1,0,0,0,0,0,8.253652183799758,0,6.002590419632064,9.166666666666666,1,0,0,4,4,4,0,0,0,25,5,Deep Cage,1,0,0,1.0,1,1
frc8749,2025,2025txwac,2025txwac_qm37,37,2/28/2025 10:55:00 PM,blue,frc2950,45,2,24,16,2,0,0,0,0,1,0,Middle,1,0,0,0,0,0,0,4.714878040082628,4,8.002590419632043,31.25,1,0,4,0,0,0,0,4,0,10,0,Parked,0,0,0,1.0,0,0
frc8749,2025,2025txwac,2025txwac_qm37,37,2/28/2025 10:55:00 PM,red,frc6526,5,2,0,0,2,0,0,0,0,0,1,Inside,1,0,0,0,0,0,0,0.002590419632126,0,10.002590419632025,160.0,0,1,0,0,0,0,0,0,0,0,0,Parked,0,0,0,1.0,0,1
frc8749,2025,2025txwac,2025txwac_qm37,37,2/28/2025 10:55:00 PM,red,frc5212,5,2,0,0,2,0,0,0,0,1,0,Middle,1,0,0,0,0,0,0,0.002590419632126,0,10.002590419632025,160.0,0,0,0,0,0,0,0,0,0,5,0,Parked,0,0,0,1.0,0,0
frc8749,2025,2025txwac,2025txwac_qm37,37,2/28/2025 10:55:00 PM,red,frc7121,0,0,0,0,0,0,0,0,1,0,0,Outside,0,0,0,0,0,0,0,0.002590419632126,0,10.002590419632025,160.0,0,0,0,0,0,0,0,0,0,0,0,Not Parked,0,0,1,1.5,0,0
frc8749,2025,2025txwac,2025txwac_qm38,38,2/28/2025 11:03:00 PM,red,frc2689,31,2,16,0,12,0,8,8,1,0,0,Outside,1,0,0,0,0,0,0,6.955466507518029,0,10.002590419632025,14.375,1,0,0,0,0,0,8,0,0,20,15,Deep Cage,0,0,0,1.0,0,0
frc8749,2025,2025txwac,2025txwac_qm38,38,2/28/2025 11:03:00 PM,red,frc8088,32,14,16,0,2,2,2,4,1,0,0,Outside,0,2,0,0,0,0,0,3.662740416747463,1,10.002590419632025,45.0,1,0,0,2,0,0,0,1,0,0,0,Parked,0,0,0,1.0,0,1
frc8749,2025,2025txwac,2025txwac_qm38,38,2/28/2025 11:03:00 PM,red,frc8528,0,0,0,0,0,0,0,0,0,1,0,Middle,0,0,0,0,0,0,0,0.002590419632126,0,10.002590419632025,160.0,0,0,0,0,0,0,0,0,0,0,0,Not Parked,0,0,1,1.5,0,0
frc8749,2025,2025txwac,2025txwac_qm38,38,2/28/2025 11:03:00 PM,blue,frc4610,5,2,0,0,2,0,0,0,0,0,1,Inside,1,0,0,0,0,0,0,0.002590419632126,0,8.002590419632043,160.0,0,0,0,0,0,0,0,0,0,10,0,Parked,0,0,0,1.0,0,0
frc8749,2025,2025txwac,2025txwac_qm38,38,2/28/2025 11:03:00 PM,blue,frc6377,32,5,24,0,2,1,12,13,0,1,0,Middle,1,0,0,0,1,0,0,7.662740416747422,0,10.002590419632025,11.25,1,0,0,0,0,0,12,0,0,0,0,Parked,0,0,0,1.0,0,1
frc8749,2025,2025txwac,2025txwac_qm38,38,2/28/2025 11:03:00 PM,blue,frc2687,9,2,6,0,0,0,3,3,0,0,0,Not There,1,0,0,0,0,0,0,4.387880575516872,0,6.832665418189743,35.0,0,1,0,0,0,0,3,0,0,30,15,Not Parked,0,0,0,1.0,0,0
frc8749,2025,2025txwac,2025txwac_qm39,39,2/28/2025 11:11:00 PM,blue,frc5503,3,2,0,0,0,0,0,0,0,1,0,Middle,1,0,0,0,0,0,0,0.002590419632126,0,10.002590419632025,160.0,0,0,0,0,0,0,0,0,0,0,0,Not Parked,1,1,0,0.0,0,1
frc8749,2025,2025txwac,2025txwac_qm39,39,2/28/2025 11:11:00 PM,blue,frc8749,14,14,0,0,0,0,0,0,0,0,0,Not There,0,0,0,0,0,1,2,0.002590419632126,3,10.002590419632025,160.0,0,0,0,0,0,0,0,0,0,0,0,Not Parked,0,0,0,1.0,0,0
frc8749,2025,2025txwac,2025txwac_qm39,39,2/28/2025 11:11:00 PM,blue,frc2468,35,2,20,0,12,0,4,4,0,1,0,Middle,1,0,0,0,0,0,0,4.714878040082628,0,10.002590419632025,31.25,1,0,0,4,0,0,0,0,0,10,5,Deep Cage,1,0,0,1.0,1,1
frc8749,2025,2025txwac,2025txwac_qm39,39,2/28/2025 11:11:00 PM,red,frc5613,2,0,0,0,2,0,0,0,0,0,1,Inside,0,0,0,0,0,0,0,0.002590419632126,0,10.002590419632025,160.0,0,0,0,0,0,0,0,0,0,0,0,Parked,0,0,0,1.0,0,0
frc8749,2025,2025txwac,2025txwac_qm39,39,2/28/2025 11:11:00 PM,red,frc2714,45,2,40,0,2,0,8,8,1,0,0,Outside,1,0,0,0,0,0,0,6.601710983349873,0,10.002590419632025,16.25,1,0,0,8,0,0,0,0,0,5,0,Parked,0,0,0,1.0,1,1
frc8749,2025,2025txwac,2025txwac_qm39,39,2/28/2025 11:11:00 PM,red,frc9786,5,2,0,0,2,0,0,0,0,1,0,Middle,1,0,0,0,0,0,0,0.002590419632126,0,6.002590419632064,160.0,1,0,0,0,0,0,0,0,0,20,0,Parked,0,0,0,1.0,0,0
frc8749,2025,2025txwac,2025txwac_qm40,40,2/28/2025 11:19:00 PM,red,frc2582,40,2,35,0,2,0,10,10,1,0,0,Outside,1,0,0,0,0,0,0,7.245567173124591,0,10.002590419632025,13.0,1,0,0,1,4,4,1,0,0,5,0,Parked,0,0,0,1.0,0,1
frc8749,2025,2025txwac,2025txwac_qm40,40,2/28/2025 11:19:00 PM,red,frc2881,34,9,12,0,12,1,3,4,1,0,0,Outside,1,1,0,0,0,0,0,3.8848030415249486,0,8.002590419632043,41.66666666666666,1,0,0,1,1,1,0,0,0,10,0,Deep Cage,0,0,0,1.0,0,1
frc8749,2025,2025txwac,2025txwac_qm40,40,2/28/2025 11:19:00 PM,blue,frc8858,3,2,0,0,0,0,0,0,1,0,0,Outside,1,0,0,0,0,0,0,0.002590419632126,0,8.002590419632043,160.0,0,0,0,0,0,0,0,0,0,10,0,Not Parked,0,0,0,1.0,0,0
frc8749,2025,2025txwac,2025txwac_qm40,40,2/28/2025 11:19:00 PM,blue,frc8408,3,2,0,0,0,0,0,0,0,1,0,Middle,1,0,0,0,0,0,0,0.002590419632126,0,10.002590419632025,160.0,0,0,0,0,0,0,0,0,0,0,0,Not Parked,0,0,0,1.0,0,1
frc8749,2025,2025txwac,2025txwac_qm41,41,2/28/2025 11:27:00 PM,red,frc1296,24,2,17,4,0,0,4,4,1,0,0,Outside,1,0,0,0,0,0,0,4.714878040082628,0,10.002590419632025,31.25,1,0,1,3,0,0,1,0,0,10,5,Not Parked,0,0,0,1.0,0,0
frc8749,2025,2025txwac,2025txwac_qm41,41,2/28/2025 11:27:00 PM,red,frc9054,6,0,6,0,0,0,0,0,0,0,1,Inside,0,0,0,0,0,0,0,0.4928154153051824,1,10.002590419632025,135.0,0,1,0,0,0,0,0,1,0,0,0,Not Parked,0,0,0,1.0,0,1
frc8749,2025,2025txwac,2025txwac_qm41,41,2/28/2025 11:27:00 PM,blue,frc3310,5,2,0,0,2,0,0,0,0,1,0,Middle,1,0,0,0,0,0,0,0.002590419632126,0,10.002590419632025,160.0,0,0,0,0,0,0,0,0,0,0,0,Parked,0,0,0,1.0,0,1
frc8749,2025,2025txwac,2025txwac_qm41,41,2/28/2025 11:27:00 PM,blue,frc8507,22,5,4,0,12,1,2,3,0,1,0,Middle,1,0,0,0,1,0,0,3.217955574074571,0,4.832665418189764,52.5,1,1,0,0,0,0,2,0,0,30,0,Deep Cage,0,0,0,1.0,0,0
frc8749,2025,2025txwac,2025txwac_qm41,41,2/28/2025 11:27:00 PM,blue,frc10312,5,2,0,0,2,0,0,0,0,0,1,Inside,1,0,0,0,0,0,0,0.002590419632126,0,10.002590419632025,160.0,0,0,0,0,0,0,0,0,0,0,0,Parked,0,0,0,1.0,0,1
frc8749,2025,2025txwac,2025txwac_qm42,42,2/28/2025 11:35:00 PM,blue,frc8528,3,2,0,0,0,0,0,0,0,1,0,Middle,1,0,0,0,0,0,0,0.002590419632126,0,10.002590419632025,160.0,0,0,0,0,0,0,0,0,0,0,0,Not Parked,0,0,0,1.0,0,0
frc8749,2025,2025txwac,2025txwac_qm42,42,2/28/2025 11:35:00 PM,blue,frc148,39,7,20,0,12,1,4,5,0,0,1,Inside,0,1,0,0,0,0,0,4.714878040082628,0,10.002590419632025,31.25,1,0,0,4,0,0,0,0,0,10,5,Deep Cage,0,0,0,1.0,1,1
frc8749,2025,2025txwac,2025txwac_qm42,42,2/28/2025 11:35:00 PM,red,frc6672,27,7,18,0,2,1,5,6,0,0,0,Not There,0,1,0,0,0,0,0,5.13667160507986,0,10.002590419632025,27.0,0,0,0,2,0,2,1,0,0,0,0,Parked,0,0,0,1.0,0,0
frc8749,2025,2025txwac,2025txwac_qm42,42,2/28/2025 11:35:00 PM,red,frc3005,71,16,42,0,12,2,5,7,1,0,0,Outside,1,2,0,0,0,0,0,7.599322697292747,5,6.002590419632064,11.5,1,0,0,2,3,0,0,0,5,20,0,Deep Cage,0,0,0,1.0,0,1
frc8749,2025,2025txwac,2025txwac_qm42,42,2/28/2025 11:35:00 PM,red,frc6526,3,2,0,0,0,0,0,0,0,0,1,Inside,1,0,0,0,0,0,0,0.002590419632126,0,6.002590419632064,160.0,0,0,0,0,0,0,0,0,0,20,0,Not Parked,0,0,0,1.0,0,0
frc8749,2025,2025txwac,2025txwac_qm43,43,2/28/2025 11:43:00 PM,red,frc5212,5,2,0,0,2,0,0,0,0,0,1,Inside,1,0,0,0,0,0,0,0.002590419632126,0,6.832665418189743,160.0,0,0,0,0,0,0,0,0,0,15,0,Parked,0,0,0,1.0,0,0
frc8749,2025,2025txwac,2025txwac_qm43,43,2/28/2025 11:43:00 PM,red,frc8732,7,2,4,0,0,0,2,2,0,1,0,Middle,1,0,0,0,0,0,0,2.492815415305163,0,10.002590419632025,67.5,1,0,0,0,0,0,2,0,0,0,0,Not Parked,0,0,0,1.0,0,1
frc8749,2025,2025txwac,2025txwac_qm43,43,2/28/2025 11:43:00 PM,blue,frc4610,22,2,19,0,0,0,5,5,1,0,0,Outside,1,0,0,0,0,0,0,5.358734229857346,0,10.002590419632025,25.0,1,0,0,3,0,0,2,0,0,10,5,Not Parked,1,0,0,1.0,0,0
frc8749,2025,2025txwac,2025txwac_qm43,43,2/28/2025 11:43:00 PM,blue,frc2714,63,9,41,0,12,1,10,11,0,0,1,Inside,1,1,0,0,0,0,0,7.13667160507984,0,10.002590419632025,13.5,1,0,0,3,5,2,0,0,0,0,0,Deep Cage,0,0,0,1.0,1,1
frc8749,2025,2025txwac,2025txwac_qm43,43,2/28/2025 11:43:00 PM,blue,frc8749,50,2,35,0,12,0,9,9,0,1,0,Middle,1,0,0,0,0,0,0,7.054728042967228,0,8.002590419632043,13.88888888888889,1,0,0,3,3,2,1,0,0,10,0,Deep Cage,0,0,0,1.0,0,1
frc8749,2025,2025txwac,2025txwac_qm44,44,2/28/2025 11:51:00 PM,red,frc9577,13,2,8,0,2,0,3,3,0,0,1,Inside,1,0,0,0,0,0,0,3.662740416747463,0,10.002590419632025,45.0,1,0,0,0,0,2,1,0,0,0,0,Parked,0,0,0,1.0,0,1
frc8749,2025,2025txwac,2025txwac_qm44,44,2/28/2025 11:51:00 PM,red,frc8408,3,2,0,0,0,0,0,0,1,0,0,Outside,1,0,0,0,0,0,0,0.002590419632126,0,8.002590419632043,160.0,0,0,0,0,0,0,0,0,0,10,0,Not Parked,0,0,0,1.0,0,0
frc8749,2025,2025txwac,2025txwac_qm44,44,2/28/2025 11:51:00 PM,red,frc2582,46,9,24,0,12,1,6,7,0,1,0,Middle,1,1,0,0,0,0,0,6.25365218379978,0,6.832665418189743,18.33333333333333,1,0,0,4,0,0,2,0,0,25,10,Deep Cage,0,0,0,1.0,0,0
frc8749,2025,2025txwac,2025txwac_qm44,44,2/28/2025 11:51:00 PM,blue,frc8088,30,2,27,0,0,0,6,6,1,0,0,Outside,1,0,0,0,0,0,0,5.662740416747443,0,10.002590419632025,22.5,1,0,0,5,0,0,1,0,0,0,0,Not Parked,0,0,0,1.0,0,1
frc8749,2025,2025txwac,2025txwac_qm44,44,2/28/2025 11:51:00 PM,blue,frc2583,34,0,34,0,0,0,7,7,0,0,1,Inside,0,0,0,0,0,0,0,6.107525259420333,0,10.002590419632025,19.285714285714285,0,0,0,6,1,0,0,0,0,0,0,Not Parked,0,0,0,1.0,0,0
frc8749,2025,2025txwac,2025txwac_qm45,45,2/28/2025 11:59:00 PM,red,frc7121,37,9,27,0,0,1,3,4,1,0,0,Outside,1,1,0,0,0,0,0,5.13667160507986,2,10.002590419632025,27.0,0,0,0,3,0,0,0,2,0,0,0,Not Parked,0,0,0,1.0,0,1
frc8749,2025,2025txwac,2025txwac_qm45,45,2/28/2025 11:59:00 PM,blue,frc5613,5,2,0,0,2,0,0,0,0,0,1,Inside,1,0,0,0,0,0,0,0.002590419632126,0,4.387880575516872,160.0,0,0,0,0,0,0,0,0,0,35,0,Parked,0,0,0,1.0,0,1
frc8749,2025,2025txwac,2025txwac_qm45,45,2/28/2025 11:59:00 PM,blue,frc2687,44,5,26,0,12,1,9,10,0,1,0,Middle,1,0,0,0,1,0,0,7.557805576959153,0,5.358734229857346,11.666666666666666,0,0,0,0,0,8,1,0,0,30,5,Deep Cage,0,0,0,1.0,0,1
frc8749,2025,2025txwac,2025txwac_qm45,45,2/28/2025 11:59:00 PM,blue,frc5682,2,0,0,0,2,0,0,0,0,1,0,Middle,0,0,0,0,0,0,0,0.002590419632126,0,10.002590419632025,160.0,0,0,0,0,0,0,0,0,0,0,0,Parked,0,0,0,1.0,0,0
frc8749,2025,2025txwac,2025txwac_qm45,45,2/28/2025 11:59:00 PM,red,frc1296,20,2,15,0,2,0,3,3,0,1,0,Middle,1,0,0,0,0,0,0,4.125391508960369,0,6.002590419632064,38.333333333333336,0,1,0,3,0,0,0,0,0,20,0,Parked,0,0,0,1.0,0,0
frc8749,2025,2025txwac,2025txwac_qm46,46,3/1/2025 12:07:00 AM,red,frc2969,5,2,0,0,2,0,0,0,0,0,1,Inside,1,0,0,0,0,0,0,0.002590419632126,0,10.002590419632025,160.0,0,0,0,0,0,0,0,0,0,0,0,Parked,0,0,0,1.0,0,1
frc8749,2025,2025txwac,2025txwac_qm46,46,3/1/2025 12:07:00 AM,red,frc6377,31,5,25,0,0,1,5,6,0,0,1,Inside,1,0,0,0,1,0,0,5.13667160507986,0,10.002590419632025,27.0,1,1,0,5,0,0,0,0,0,0,0,Not Parked,0,0,0,1.0,0,0
frc8749,2025,2025txwac,2025txwac_qm46,46,3/1/2025 12:07:00 AM,blue,frc8507,25,2,10,0,12,0,5,5,0,1,0,Middle,1,0,0,0,0,0,0,5.358734229857346,0,10.002590419632025,25.0,1,0,0,0,0,0,5,0,0,10,5,Deep Cage,1,0,0,1.0,0,1
frc8749,2025,2025txwac,2025txwac_qm46,46,3/1/2025 12:07:00 AM,blue,frc2689,37,2,22,0,12,0,5,5,1,0,0,Outside,1,0,0,0,0,0,0,6.57017635163324,2,6.002590419632064,16.428571428571427,1,0,0,0,0,0,5,2,0,20,0,Deep Cage,0,0,0,1.0,0,1
frc8749,2025,2025txwac,2025txwac_qm46,46,3/1/2025 12:07:00 AM,blue,frc2158,3,2,0,0,0,0,0,0,0,1,0,Middle,1,0,0,0,0,0,0,0.002590419632126,0,10.002590419632025,160.0,0,0,0,0,0,0,0,0,0,0,0,Not Parked,0,0,0,1.0,0,0
frc8749,2025,2025txwac,2025txwac_qm47,47,3/1/2025 12:15:00 AM,blue,frc10312,11,2,6,0,2,0,2,2,0,0,0,Not There,1,0,0,0,0,0,0,2.492815415305163,0,10.002590419632025,67.5,1,0,0,0,0,2,0,0,0,0,0,Parked,0,0,0,1.0,0,0
frc8749,2025,2025txwac,2025txwac_qm47,47,3/1/2025 12:15:00 AM,blue,frc7125,0,0,0,0,0,0,0,0,0,0,0,Not There,0,0,0,0,0,0,0,0.002590419632126,0,10.002590419632025,160.0,0,0,0,0,0,0,0,0,0,0,0,Not Parked,0,0,0,1.0,0,0
frc8749,2025,2025txwac,2025txwac_qm47,47,3/1/2025 12:15:00 AM,blue,frc5866,18,0,18,0,0,0,0,0,0,1,0,Middle,0,0,0,0,0,0,0,3.662740416747463,3,10.002590419632025,45.0,0,0,0,0,0,0,0,3,0,0,0,Not Parked,0,0,0,1.0,0,0
frc8749,2025,2025txwac,2025txwac_qm47,47,3/1/2025 12:15:00 AM,red,frc2468,61,2,46,0,12,0,12,12,1,0,0,Outside,1,0,0,0,0,0,0,8.125391508960329,0,6.002590419632064,9.583333333333334,1,0,0,3,4,5,0,0,0,20,0,Deep Cage,0,0,0,1.0,0,1
frc8749,2025,2025txwac,2025txwac_qm47,47,3/1/2025 12:15:00 AM,red,frc3310,41,9,29,0,2,1,5,6,1,0,0,Outside,1,1,0,0,0,0,0,5.662740416747443,1,10.002590419632025,22.5,1,0,0,3,2,0,0,1,0,0,0,Parked,0,0,0,1.0,1,1
frc8749,2025,2025txwac,2025txwac_qm47,47,3/1/2025 12:15:00 AM,red,frc8858,3,2,0,0,0,0,0,0,0,1,0,Middle,1,0,0,0,0,0,0,0.002590419632126,0,10.002590419632025,160.0,0,0,0,0,0,0,0,0,0,0,0,Not Parked,0,1,0,0.0,0,1
frc8749,2025,2025txwac,2025txwac_qm48,48,3/1/2025 12:23:00 AM,red,frc2950,37,2,32,0,2,0,1,1,1,0,0,Outside,1,0,0,0,0,0,0,5.662740416747443,5,10.002590419632025,22.5,0,1,0,0,0,0,1,5,0,0,0,Parked,0,0,0,1.0,0,0
frc8749,2025,2025txwac,2025txwac_qm48,48,3/1/2025 12:23:00 AM,red,frc418,41,0,35,0,6,0,7,7,0,1,0,Middle,0,0,0,0,0,0,0,6.107525259420333,0,10.002590419632025,19.285714285714285,0,0,0,7,0,0,0,0,0,0,0,Shallow Cage,0,0,0,1.0,0,0
frc8749,2025,2025txwac,2025txwac_qm48,48,3/1/2025 12:23:00 AM,red,frc8769,14,2,9,0,2,0,3,3,0,0,0,Not There,1,0,0,0,0,0,0,3.662740416747463,0,10.002590419632025,45.0,0,0,0,0,0,3,0,0,0,0,0,Parked,0,0,0,1.0,0,0
frc8749,2025,2025txwac,2025txwac_qm48,48,3/1/2025 12:23:00 AM,blue,frc9054,8,0,6,0,2,0,0,0,0,0,1,Inside,0,0,0,0,0,0,0,0.7148780400826666,1,8.002590419632043,125.0,0,0,0,0,0,0,0,1,0,10,0,Parked,0,0,0,1.0,0,1
frc8749,2025,2025txwac,2025txwac_qm48,48,3/1/2025 12:23:00 AM,blue,frc9786,15,2,10,0,2,0,5,5,1,0,0,Outside,1,0,0,0,0,0,0,5.4765216079644805,0,6.832665418189743,24.0,1,0,0,0,0,0,5,0,0,15,0,Parked,0,0,0,1.0,0,0
frc8749,2025,2025txwac,2025txwac_qm49,49,3/1/2025 12:31:00 AM,red,frc2687,26,5,8,0,12,1,4,5,0,1,0,Middle,1,0,0,0,1,0,0,4.714878040082628,0,8.002590419632043,31.25,0,0,0,0,0,0,4,0,0,10,0,Deep Cage,0,0,0,1.0,0,0
frc8749,2025,2025txwac,2025txwac_qm49,49,3/1/2025 12:31:00 AM,red,frc148,43,12,28,0,2,2,7,9,0,0,1,Inside,1,1,0,0,1,0,0,6.216420827465086,0,10.002590419632025,18.571428571428573,1,0,0,1,5,1,0,0,0,5,0,Parked,0,0,0,1.0,0,1
frc8749,2025,2025txwac,2025txwac_qm49,49,3/1/2025 12:31:00 AM,blue,frc5212,2,0,2,0,0,0,1,1,0,1,0,Middle,0,0,0,0,0,0,0,0.4928154153051824,0,10.002590419632025,135.0,0,0,0,0,0,0,1,0,0,0,0,Not Parked,0,0,0,1.0,0,0
frc8749,2025,2025txwac,2025txwac_qm49,49,3/1/2025 12:31:00 AM,blue,frc8408,5,2,0,0,2,0,0,0,0,0,1,Inside,1,0,0,0,0,0,0,0.002590419632126,0,8.002590419632043,160.0,0,0,0,0,0,0,0,0,0,10,0,Parked,0,0,0,1.0,0,1
frc8749,2025,2025txwac,2025txwac_qm49,49,3/1/2025 12:31:00 AM,blue,frc4610,11,2,6,0,2,0,2,2,1,0,0,Outside,1,0,0,0,0,0,0,2.492815415305163,0,10.002590419632025,67.5,0,0,0,0,1,0,1,0,0,0,0,Parked,0,0,0,1.0,0,0
frc8749,2025,2025txwac,2025txwac_qm50,50,3/1/2025 12:39:00 AM,red,frc2689,25,2,20,0,2,0,4,4,0,0,0,Not There,1,0,0,0,0,0,0,5.662740416747443,2,10.002590419632025,22.5,0,0,0,0,0,0,4,2,0,0,0,Parked,0,0,0,1.0,0,0
frc8749,2025,2025txwac,2025txwac_qm50,50,3/1/2025 12:39:00 AM,blue,frc2158,5,2,0,0,2,0,0,0,1,0,0,Outside,1,0,0,0,0,0,0,0.002590419632126,0,10.002590419632025,160.0,0,0,0,0,0,0,0,0,0,5,0,Parked,0,0,0,1.0,0,1
frc8749,2025,2025txwac,2025txwac_qm50,50,3/1/2025 12:39:00 AM,blue,frc9444,3,2,0,0,0,0,0,0,0,1,0,Middle,1,0,0,0,0,0,0,0.002590419632126,0,10.002590419632025,160.0,0,0,0,0,0,0,0,0,0,0,0,Not Parked,0,1,0,0.0,0,0
frc8749,2025,2025txwac,2025txwac_qm50,50,3/1/2025 12:39:00 AM,blue,frc3005,89,16,70,0,2,2,14,16,0,0,1,Inside,1,2,0,0,0,0,0,8.30659660652214,1,10.002590419632025,9.0,1,1,0,10,4,0,0,0,1,0,0,Parked,0,0,0,1.0,1,1
frc8749,2025,2025txwac,2025txwac_qm50,50,3/1/2025 12:39:00 AM,red,frc2582,35,3,32,0,0,1,7,8,0,0,1,Inside,0,0,0,0,1,0,0,6.107525259420333,0,10.002590419632025,19.285714285714285,0,0,0,4,3,0,0,0,0,0,0,Not Parked,0,0,0,1.0,0,0
frc8749,2025,2025txwac,2025txwac_qm51,51,3/1/2025 12:47:00 AM,red,frc2881,41,9,25,0,6,1,5,6,0,0,1,Inside,1,1,0,0,0,0,0,5.4765216079644805,0,10.002590419632025,24.0,1,0,0,5,0,0,0,0,0,10,15,Shallow Cage,0,0,0,1.0,1,0
frc8749,2025,2025txwac,2025txwac_qm51,51,3/1/2025 12:47:00 AM,red,frc8858,34,2,29,0,2,0,1,1,0,1,0,Middle,1,0,0,0,0,0,0,5.358734229857346,4,10.002590419632025,25.0,0,0,0,1,0,0,0,4,0,10,5,Parked,1,0,0,1.0,0,0
frc8749,2025,2025txwac,2025txwac_qm51,51,3/1/2025 12:47:00 AM,red,frc10312,11,0,9,0,2,0,3,3,1,0,0,Outside,0,0,0,0,0,0,0,3.662740416747463,0,10.002590419632025,45.0,0,0,0,0,0,3,0,0,0,0,0,Parked,0,0,0,1.0,0,0
frc8749,2025,2025txwac,2025txwac_qm51,51,3/1/2025 12:47:00 AM,blue,frc8528,3,2,0,0,0,0,0,0,0,0,1,Inside,1,0,0,0,0,0,0,0.002590419632126,0,10.002590419632025,160.0,1,0,0,0,0,0,0,0,0,0,0,Not Parked,0,0,0,1.0,0,0
frc8749,2025,2025txwac,2025txwac_qm51,51,3/1/2025 12:47:00 AM,blue,frc7125,19,2,14,0,2,0,1,1,1,0,0,Outside,1,0,0,0,0,0,0,3.662740416747463,2,10.002590419632025,45.0,0,0,0,0,0,0,1,2,0,0,0,Parked,0,0,0,1.0,0,1
frc8749,2025,2025txwac,2025txwac_qm51,51,3/1/2025 12:47:00 AM,blue,frc8515,26,2,11,0,12,0,4,4,0,1,0,Middle,1,0,0,0,0,0,0,4.832665418189764,0,8.002590419632043,30.0,0,0,0,1,0,0,3,0,0,15,5,Deep Cage,0,0,0,1.0,0,1
frc8749,2025,2025txwac,2025txwac_qm52,52,3/1/2025 12:55:00 AM,blue,frc9786,9,2,6,0,0,0,3,3,0,0,0,Not There,1,0,0,0,0,0,0,4.002590419632085,0,10.002590419632025,40.0,0,0,0,0,0,0,3,0,0,15,10,Not Parked,0,0,0,1.0,0,0
frc8749,2025,2025txwac,2025txwac_qm52,52,3/1/2025 12:55:00 AM,blue,frc5682,2,0,0,0,2,0,0,0,0,0,0,Not There,0,0,0,0,0,0,0,0.002590419632126,0,10.002590419632025,160.0,0,0,0,0,0,0,0,0,0,0,0,Parked,0,0,0,1.0,0,1
frc8749,2025,2025txwac,2025txwac_qm52,52,3/1/2025 12:55:00 AM,red,frc2969,3,2,0,0,0,0,0,0,0,0,0,Not There,1,0,0,0,0,0,0,0.002590419632126,0,10.002590419632025,160.0,0,0,0,0,0,0,0,0,0,0,0,Not Parked,0,1,0,0.0,0,0
frc8749,2025,2025txwac,2025txwac_qm52,52,3/1/2025 12:55:00 AM,red,frc9577,37,16,18,0,2,2,3,5,0,0,1,Inside,1,2,0,0,0,0,0,4.492815415305142,1,10.002590419632025,33.75,0,0,0,2,0,0,1,1,0,0,0,Parked,1,0,0,1.0,0,1
frc8749,2025,2025txwac,2025txwac_qm52,52,3/1/2025 12:55:00 AM,red,frc8749,21,11,9,0,0,2,3,5,0,1,0,Middle,1,0,1,0,1,0,0,3.8848030415249486,0,10.002590419632025,41.66666666666666,1,0,0,0,0,3,0,0,0,10,5,Not Parked,0,0,0,1.0,0,0
frc8749,2025,2025txwac,2025txwac_qm53,53,3/1/2025 1:03:00 AM,red,frc5866,9,2,6,0,0,0,0,0,0,0,1,Inside,1,0,0,0,0,0,0,0.4928154153051824,1,10.002590419632025,135.0,1,1,0,0,0,0,0,1,0,0,0,Not Parked,0,0,0,1.0,0,0
frc8749,2025,2025txwac,2025txwac_qm53,53,3/1/2025 1:03:00 AM,red,frc6672,6,0,4,0,2,0,1,1,0,1,0,Middle,0,0,0,0,0,0,0,0.4928154153051824,0,10.002590419632025,135.0,0,0,0,0,1,0,0,0,0,0,0,Parked,0,0,0,1.0,0,0
frc8749,2025,2025txwac,2025txwac_qm53,53,3/1/2025 1:03:00 AM,blue,frc6526,0,0,0,0,0,0,0,0,0,0,0,Not There,0,0,0,0,0,0,0,0.002590419632126,0,10.002590419632025,160.0,0,0,0,0,0,0,0,0,0,0,0,Not Parked,0,0,0,1.0,0,0
frc8749,2025,2025txwac,2025txwac_qm53,53,3/1/2025 1:03:00 AM,blue,frc8507,9,2,6,0,0,0,0,0,0,0,0,Not There,1,0,0,0,0,0,0,0.9554665075180891,1,8.002590419632043,115.0,0,0,0,0,0,0,0,1,0,20,10,Not Parked,0,0,0,1.0,0,0
frc8749,2025,2025txwac,2025txwac_qm53,53,3/1/2025 1:03:00 AM,blue,frc2468,27,2,24,0,0,0,0,0,0,0,1,Inside,1,0,0,0,0,0,0,4.492815415305142,4,10.002590419632025,33.75,0,0,0,0,0,0,0,4,0,0,0,Not Parked,1,0,0,1.0,0,1
frc8749,2025,2025txwac,2025txwac_qm53,53,3/1/2025 1:03:00 AM,red,frc2714,39,2,24,0,12,0,6,6,0,0,0,Not There,1,0,0,0,0,0,0,6.002590419632064,0,8.002590419632043,20.0,1,0,0,4,0,0,2,0,0,15,5,Deep Cage,1,0,0,1.0,0,0
frc8749,2025,2025txwac,2025txwac_qm54,54,3/1/2025 1:11:00 AM,blue,frc5613,3,2,0,0,0,0,0,0,0,0,1,Inside,1,0,0,0,0,0,0,0.002590419632126,0,10.002590419632025,160.0,1,0,0,0,0,0,0,0,0,0,0,Not Parked,0,0,0,1.0,0,0
frc8749,2025,2025txwac,2025txwac_qm54,54,3/1/2025 1:11:00 AM,blue,frc2950,12,2,7,0,2,0,3,3,0,0,0,Not There,1,0,0,0,0,0,0,3.662740416747463,0,10.002590419632025,45.0,1,1,0,0,0,1,2,0,0,0,0,Parked,1,0,0,1.0,0,0
frc8749,2025,2025txwac,2025txwac_qm54,54,3/1/2025 1:11:00 AM,blue,frc10062,9,2,4,0,2,0,2,2,0,1,0,Middle,1,0,0,0,0,0,0,2.9554665075180697,0,6.002590419632064,57.5,0,1,0,0,0,0,2,0,0,20,0,Parked,0,0,1,1.5,0,1
frc8749,2025,2025txwac,2025txwac_qm54,54,3/1/2025 1:11:00 AM,red,frc3310,27,5,19,0,2,1,3,4,0,0,1,Inside,1,0,0,0,1,0,0,5.358734229857346,2,8.002590419632043,25.0,0,0,0,0,2,1,0,0,2,10,0,Parked,0,0,0,1.0,0,1
frc8749,2025,2025txwac,2025txwac_qm54,54,3/1/2025 1:11:00 AM,red,frc418,35,2,32,0,0,0,7,7,0,1,0,Middle,1,0,0,0,0,0,0,6.107525259420333,0,10.002590419632025,19.285714285714285,1,0,0,6,0,0,1,0,0,0,0,Not Parked,0,0,0,1.0,0,1
frc8749,2025,2025txwac,2025txwac_qm54,54,3/1/2025 1:11:00 AM,red,frc5503,5,2,0,0,2,0,0,0,1,0,0,Outside,1,0,0,0,0,0,0,0.002590419632126,0,6.832665418189743,160.0,0,0,0,0,0,0,0,0,0,15,0,Parked,0,0,0,1.0,0,0
frc8749,2025,2025txwac,2025txwac_qm55,55,3/1/2025 1:19:00 AM,red,frc2583,52,9,40,0,2,1,10,11,0,0,1,Inside,1,1,0,0,0,0,0,7.358734229857325,0,8.002590419632043,12.5,1,0,0,4,4,0,2,0,0,10,0,Parked,0,0,0,1.0,0,1
frc8749,2025,2025txwac,2025txwac_qm55,55,3/1/2025 1:19:00 AM,red,frc8732,5,2,0,0,2,0,0,0,0,1,0,Middle,1,0,0,0,0,0,0,0.002590419632126,0,10.002590419632025,160.0,0,0,0,0,0,0,0,0,0,5,0,Parked,0,0,0,1.0,0,0
frc8749,2025,2025txwac,2025txwac_qm55,55,3/1/2025 1:19:00 AM,red,frc2689,32,5,14,0,12,1,7,8,1,0,0,Outside,1,0,0,0,1,0,0,6.57017635163324,0,8.002590419632043,16.428571428571427,1,0,0,0,0,0,7,0,0,20,10,Deep Cage,0,0,0,1.0,0,0
frc8749,2025,2025txwac,2025txwac_qm55,55,3/1/2025 1:19:00 AM,blue,frc6377,48,5,40,0,2,1,8,9,0,0,1,Inside,1,0,0,0,1,0,0,6.832665418189743,0,6.832665418189743,15.0,0,1,0,8,0,0,0,0,0,15,0,Parked,0,0,0,1.0,0,1
frc8749,2025,2025txwac,2025txwac_qm55,55,3/1/2025 1:19:00 AM,blue,frc9054,7,2,4,0,0,0,2,2,1,0,0,Outside,1,0,0,0,0,0,0,2.492815415305163,0,10.002590419632025,67.5,0,0,0,0,0,0,2,0,0,0,0,Not Parked,0,0,0,1.0,0,0
frc8749,2025,2025txwac,2025txwac_qm55,55,3/1/2025 1:19:00 AM,blue,frc10312,10,2,5,0,2,0,2,2,1,0,0,Outside,1,0,0,0,0,0,0,2.492815415305163,0,10.002590419632025,67.5,1,0,0,0,0,1,1,0,0,0,0,Parked,0,0,0,1.0,0,0
frc8749,2025,2025txwac,2025txwac_qm56,56,3/1/2025 1:27:00 AM,blue,frc7125,3,2,0,0,0,0,0,0,0,0,1,Inside,1,0,0,0,0,0,0,0.002590419632126,0,10.002590419632025,160.0,0,0,0,0,0,0,0,0,0,0,0,Not Parked,1,0,0,1.0,0,1
frc8749,2025,2025txwac,2025txwac_qm56,56,3/1/2025 1:27:00 AM,blue,frc8088,25,2,20,0,2,0,4,4,0,1,0,Middle,1,0,0,0,0,0,0,4.492815415305142,0,10.002590419632025,33.75,1,0,0,4,0,0,0,0,0,0,0,Parked,0,0,0,1.0,0,1
frc8749,2025,2025txwac,2025txwac_qm56,56,3/1/2025 1:27:00 AM,blue,frc8858,10,9,0,0,0,1,0,1,1,0,0,Outside,1,1,0,0,0,0,0,0.002590419632126,0,10.002590419632025,160.0,0,0,0,0,0,0,0,0,0,0,0,Not Parked,0,0,0,1.0,0,0
frc8749,2025,2025txwac,2025txwac_qm56,56,3/1/2025 1:27:00 AM,red,frc1296,55,2,40,0,12,0,8,8,1,0,0,Outside,1,0,0,0,0,0,0,7.083727182357458,0,5.358734229857346,13.75,0,1,0,8,0,0,0,0,0,25,0,Deep Cage,0,0,0,1.0,0,0
frc8749,2025,2025txwac,2025txwac_qm56,56,3/1/2025 1:27:00 AM,red,frc2687,36,2,21,0,12,0,8,8,0,0,1,Inside,1,0,0,0,0,0,0,7.083727182357458,0,6.832665418189743,13.75,1,0,0,0,0,5,3,0,0,25,10,Deep Cage,0,0,0,1.0,0,0
frc8749,2025,2025txwac,2025txwac_qm56,56,3/1/2025 1:27:00 AM,red,frc8408,3,2,0,0,0,0,0,0,0,1,0,Middle,1,0,0,0,0,0,0,0.002590419632126,0,10.002590419632025,160.0,0,0,0,0,0,0,0,0,0,0,0,Not Parked,0,0,0,1.0,0,1
frc8749,2025,2025txwac,2025txwac_qm57,57,3/1/2025 1:35:00 AM,red,frc2714,41,0,35,0,6,0,7,7,1,0,0,Outside,0,0,0,0,0,0,0,6.216420827465086,0,10.002590419632025,18.571428571428573,0,0,0,7,0,0,0,0,0,5,0,Shallow Cage,0,0,0,1.0,0,0
frc8749,2025,2025txwac,2025txwac_qm57,57,3/1/2025 1:35:00 AM,red,frc9444,3,2,0,0,0,0,0,0,0,1,0,Middle,1,0,0,0,0,0,0,0.002590419632126,0,10.002590419632025,160.0,0,0,0,0,0,0,0,0,0,0,0,Not Parked,0,0,0,1.0,0,0
frc8749,2025,2025txwac,2025txwac_qm57,57,3/1/2025 1:35:00 AM,red,frc2881,3,2,0,0,0,0,0,0,0,0,1,Inside,1,0,0,0,0,0,0,0.002590419632126,0,10.002590419632025,160.0,1,0,0,0,0,0,0,0,0,0,0,Not Parked,0,0,0,1.0,0,0
frc8749,2025,2025txwac,2025txwac_qm57,57,3/1/2025 1:35:00 AM,blue,frc5866,23,2,18,0,2,0,0,0,0,1,0,Middle,1,0,0,0,0,0,0,3.771635984792216,3,10.002590419632025,43.333333333333336,0,1,0,0,0,0,0,3,0,5,0,Parked,0,0,0,1.0,0,1
frc8749,2025,2025txwac,2025txwac_qm57,57,3/1/2025 1:35:00 AM,blue,frc3005,77,9,55,0,12,1,8,9,0,0,1,Inside,1,1,0,0,0,0,0,7.520574220624458,3,10.002590419632025,11.818181818181818,1,0,0,5,3,0,0,3,0,5,0,Deep Cage,1,0,0,1.0,1,1
frc8749,2025,2025txwac,2025txwac_qm57,57,3/1/2025 1:35:00 AM,blue,frc9577,41,2,24,12,2,0,0,0,1,0,0,Outside,1,0,0,0,0,0,0,4.714878040082628,4,8.002590419632043,31.25,0,1,3,0,0,0,0,4,0,10,0,Parked,0,0,0,1.0,0,0
frc8749,2025,2025txwac,2025txwac_qm58,58,3/1/2025 1:43:00 AM,blue,frc148,60,2,45,0,12,0,10,10,0,1,0,Middle,1,0,0,0,0,0,0,7.245567173124591,0,10.002590419632025,13.0,1,0,0,5,5,0,0,0,0,5,0,Deep Cage,0,0,0,1.0,1,1
frc8749,2025,2025txwac,2025txwac_qm58,58,3/1/2025 1:43:00 AM,blue,frc5682,5,2,0,0,2,0,0,0,0,0,1,Inside,1,0,0,0,0,0,0,0.002590419632126,0,10.002590419632025,160.0,0,0,0,0,0,0,0,0,0,0,0,Parked,0,0,0,1.0,0,0
frc8749,2025,2025txwac,2025txwac_qm58,58,3/1/2025 1:43:00 AM,red,frc9786,43,2,26,12,2,0,1,1,0,0,1,Inside,1,0,0,0,0,0,0,5.358734229857346,4,8.002590419632043,25.0,1,0,3,0,0,0,1,4,0,10,0,Parked,0,0,0,1.0,0,0
frc8749,2025,2025txwac,2025txwac_qm58,58,3/1/2025 1:43:00 AM,red,frc2468,18,2,15,0,0,0,3,3,0,1,0,Middle,1,0,0,0,0,0,0,3.662740416747463,0,10.002590419632025,45.0,0,0,0,3,0,0,0,0,0,0,0,Not Parked,0,0,0,1.0,0,0
frc8749,2025,2025txwac,2025txwac_qm58,58,3/1/2025 1:43:00 AM,red,frc2950,8,2,3,0,2,0,1,1,1,0,0,Outside,1,0,0,0,0,0,0,0.6017109833499354,0,10.002590419632025,130.0,0,0,0,0,0,1,0,0,0,5,0,Parked,0,0,0,1.0,0,0
frc8749,2025,2025txwac,2025txwac_qm59,59,3/1/2025 1:51:00 AM,red,frc5613,3,2,0,0,0,0,0,0,0,0,1,Inside,1,0,0,0,0,0,0,0.002590419632126,0,10.002590419632025,160.0,0,0,0,0,0,0,0,0,0,0,0,Not Parked,0,0,0,1.0,0,0
frc8749,2025,2025txwac,2025txwac_qm59,59,3/1/2025 1:51:00 AM,red,frc5212,17,2,12,0,2,0,5,5,0,1,0,Middle,1,0,0,0,0,0,0,5.358734229857346,0,8.002590419632043,25.0,1,0,0,0,0,2,3,0,0,10,0,Parked,0,0,0,1.0,0,1
frc8749,2025,2025txwac,2025txwac_qm59,59,3/1/2025 1:51:00 AM,blue,frc8769,21,2,16,0,2,0,6,6,1,0,0,Outside,1,0,0,0,0,0,0,5.662740416747443,0,10.002590419632025,22.5,0,0,0,0,0,4,2,0,0,0,0,Parked,1,0,0,1.0,0,1
frc8749,2025,2025txwac,2025txwac_qm59,59,3/1/2025 1:51:00 AM,blue,frc2158,5,2,0,0,2,0,0,0,0,1,0,Middle,1,0,0,0,0,0,0,0.002590419632126,0,6.002590419632064,160.0,0,0,0,0,0,0,0,0,0,20,0,Parked,0,0,0,1.0,0,0
frc8749,2025,2025txwac,2025txwac_qm59,59,3/1/2025 1:51:00 AM,blue,frc10062,9,2,4,0,2,0,2,2,0,0,1,Inside,1,0,0,0,0,0,0,2.492815415305163,0,10.002590419632025,67.5,1,0,0,0,0,0,2,0,0,0,0,Parked,0,0,0,1.0,0,0
frc8749,2025,2025txwac,2025txwac_qm60,60,3/1/2025 1:59:00 AM,red,frc2582,20,2,17,0,0,0,4,4,0,0,0,Not There,1,0,0,0,0,0,0,5.13667160507986,1,10.002590419632025,27.0,0,0,0,0,0,3,1,1,0,0,0,Not Parked,0,0,0,1.0,0,0
frc8749,2025,2025txwac,2025txwac_qm60,60,3/1/2025 1:59:00 AM,red,frc418,46,9,36,0,0,1,10,11,0,0,0,Not There,1,1,0,0,0,0,0,7.13667160507984,0,10.002590419632025,13.5,1,0,0,4,2,0,4,0,0,0,0,Not Parked,0,0,0,1.0,0,0
frc8749,2025,2025txwac,2025txwac_qm60,60,3/1/2025 1:59:00 AM,blue,frc6526,5,2,0,0,2,0,0,0,1,0,0,Outside,1,0,0,0,0,0,0,0.002590419632126,0,6.002590419632064,160.0,0,0,0,0,0,0,0,0,0,20,0,Parked,1,0,0,1.0,0,1
frc8749,2025,2025txwac,2025txwac_qm60,60,3/1/2025 1:59:00 AM,blue,frc9054,0,0,0,0,0,0,0,0,0,0,1,Inside,0,0,0,0,0,0,0,0.002590419632126,0,10.002590419632025,160.0,0,0,0,0,0,0,0,0,0,0,0,Not Parked,0,0,1,1.5,0,0
frc8749,2025,2025txwac,2025txwac_qm60,60,3/1/2025 1:59:00 AM,blue,frc3310,59,9,49,0,0,1,13,14,1,0,0,Outside,1,1,0,0,0,0,0,7.893694851587291,0,10.002590419632025,10.384615384615383,1,0,0,4,4,3,2,0,0,0,0,Not Parked,1,0,0,1.0,1,1
frc8749,2025,2025txwac,2025txwac_qm61,61,3/1/2025 2:07:00 AM,blue,frc8528,0,0,0,0,0,0,0,0,0,1,0,Middle,0,0,0,0,0,0,0,0.002590419632126,0,10.002590419632025,160.0,0,0,0,0,0,0,0,0,0,0,0,Not Parked,0,0,0,1.0,0,0
frc8749,2025,2025txwac,2025txwac_qm61,61,3/1/2025 2:07:00 AM,blue,frc5503,3,2,0,0,0,0,0,0,0,0,0,Not There,1,0,0,0,0,0,0,0.002590419632126,0,10.002590419632025,160.0,0,0,0,0,0,0,0,0,0,0,0,Not Parked,0,0,0,1.0,0,0
frc8749,2025,2025txwac,2025txwac_qm61,61,3/1/2025 2:07:00 AM,red,frc8507,15,2,0,0,12,0,0,0,0,0,1,Inside,1,0,0,0,0,0,0,0.002590419632126,0,10.002590419632025,160.0,0,0,0,0,0,0,0,0,0,0,0,Deep Cage,0,0,0,1.0,1,1
frc8749,2025,2025txwac,2025txwac_qm61,61,3/1/2025 2:07:00 AM,red,frc6672,33,0,27,0,6,0,7,7,0,1,0,Middle,0,0,0,0,0,0,0,6.107525259420333,0,10.002590419632025,19.285714285714285,0,0,0,1,5,0,1,0,0,0,0,Shallow Cage,0,0,0,1.0,0,0
frc8749,2025,2025txwac,2025txwac_qm62,62,3/1/2025 2:15:00 AM,red,frc6377,39,9,27,0,2,1,10,11,1,0,0,Outside,1,1,0,0,0,0,0,7.245567173124591,0,10.002590419632025,13.0,1,1,0,1,0,4,5,0,0,5,0,Parked,1,0,0,1.0,0,1
frc8749,2025,2025txwac,2025txwac_qm62,62,3/1/2025 2:15:00 AM,red,frc8732,5,2,0,0,2,0,0,0,0,1,0,Middle,1,0,0,0,0,0,0,0.002590419632126,0,10.002590419632025,160.0,0,0,0,0,0,0,0,0,0,0,0,Parked,0,0,0,1.0,0,0
frc8749,2025,2025txwac,2025txwac_qm62,62,3/1/2025 2:15:00 AM,red,frc3005,70,23,40,0,6,3,7,10,0,0,1,Inside,1,3,0,0,0,0,0,7.1725154210743645,2,10.002590419632025,13.333333333333334,1,1,0,2,3,2,0,2,0,15,15,Shallow Cage,0,0,0,1.0,1,0
frc8749,2025,2025txwac,2025txwac_qm62,62,3/1/2025 2:15:00 AM,blue,frc2687,29,2,14,0,12,0,5,5,1,0,0,Outside,1,0,0,0,0,0,0,5.13667160507986,0,10.002590419632025,27.0,1,0,0,0,0,4,1,0,0,0,0,Deep Cage,0,0,0,1.0,0,1
frc8749,2025,2025txwac,2025txwac_qm62,62,3/1/2025 2:15:00 AM,blue,frc8858,9,0,7,0,2,0,2,2,0,0,1,Inside,0,0,0,0,0,0,0,2.492815415305163,0,10.002590419632025,67.5,0,0,0,1,0,0,1,0,0,0,0,Parked,0,0,0,1.0,0,0
frc8749,2025,2025txwac,2025txwac_qm63,63,3/1/2025 2:23:00 AM,red,frc2583,20,9,10,0,0,1,2,3,1,0,0,Outside,1,1,0,0,0,0,0,2.832665418189785,0,6.832665418189743,60.0,0,0,0,2,0,0,0,0,0,15,0,Not Parked,0,0,0,1.0,0,0
frc8749,2025,2025txwac,2025txwac_qm63,63,3/1/2025 2:23:00 AM,red,frc9786,11,2,8,0,0,0,1,1,0,0,1,Inside,1,0,0,0,0,0,0,2.492815415305163,1,10.002590419632025,67.5,0,1,0,0,0,0,1,1,0,0,0,Not Parked,0,0,0,1.0,0,0
frc8749,2025,2025txwac,2025txwac_qm63,63,3/1/2025 2:23:00 AM,red,frc2158,3,2,0,0,0,0,0,0,0,1,0,Middle,1,0,0,0,0,0,0,0.002590419632126,0,10.002590419632025,160.0,0,0,0,0,0,0,0,0,0,0,0,Not Parked,0,0,0,1.0,0,0
frc8749,2025,2025txwac,2025txwac_qm63,63,3/1/2025 2:23:00 AM,blue,frc8088,43,2,38,0,2,0,8,8,0,0,1,Inside,1,0,0,0,0,0,0,6.714878040082607,0,8.002590419632043,15.625,0,0,0,6,2,0,0,0,0,10,0,Parked,0,0,0,1.0,0,1
frc8749,2025,2025txwac,2025txwac_qm63,63,3/1/2025 2:23:00 AM,blue,frc5212,3,2,0,0,0,0,0,0,0,1,0,Middle,1,0,0,0,0,0,0,0.002590419632126,0,10.002590419632025,160.0,0,0,0,0,0,0,0,0,0,0,0,Not Parked,0,0,0,1.0,0,1
frc8749,2025,2025txwac,2025txwac_qm63,63,3/1/2025 2:23:00 AM,blue,frc2881,6,0,0,0,6,0,0,0,0,0,0,Not There,0,0,0,0,0,0,0,0.002590419632126,0,10.002590419632025,160.0,0,0,0,0,0,0,0,0,0,0,0,Shallow Cage,0,0,0,1.0,0,0
frc8749,2025,2025txwac,2025txwac_qm64,64,3/1/2025 2:30:00 PM,red,frc2689,31,3,22,0,6,1,11,12,1,0,0,Outside,0,0,0,0,1,0,0,7.520574220624458,0,10.002590419632025,11.818181818181818,0,0,0,0,0,0,11,0,0,5,0,Shallow Cage,0,0,0,1.0,0,0
frc8749,2025,2025txwac,2025txwac_qm64,64,3/1/2025 2:30:00 PM,blue,frc1296,8,2,5,0,0,0,1,1,0,1,0,Middle,1,0,0,0,0,0,0,0.4928154153051824,0,10.002590419632025,135.0,1,0,0,1,0,0,0,0,0,0,0,Not Parked,0,0,0,1.0,0,0
frc8749,2025,2025txwac,2025txwac_qm64,64,3/1/2025 2:30:00 PM,blue,frc9577,35,2,18,12,2,0,0,0,1,0,0,Outside,1,0,0,0,0,0,0,3.662740416747463,3,10.002590419632025,45.0,0,0,3,0,0,0,0,3,0,0,0,Parked,0,0,0,1.0,0,0
frc8749,2025,2025txwac,2025txwac_qm64,64,3/1/2025 2:30:00 PM,red,frc4610,3,2,0,0,0,0,0,0,0,1,0,Middle,1,0,0,0,0,0,0,0.002590419632126,0,10.002590419632025,160.0,0,0,0,0,0,0,0,0,0,0,0,Not Parked,0,0,0,1.0,0,0
frc8749,2025,2025txwac,2025txwac_qm64,64,3/1/2025 2:30:00 PM,red,frc3310,2,0,0,0,2,0,0,0,0,0,1,Inside,0,0,0,0,0,0,0,0.002590419632126,0,4.832665418189764,160.0,0,0,0,0,0,0,0,0,0,30,0,Parked,1,0,0,1.0,0,1
frc8749,2025,2025txwac,2025txwac_qm65,65,3/1/2025 2:39:00 PM,red,frc5613,3,2,0,0,0,0,0,0,1,0,0,Outside,1,0,0,0,0,0,0,0.002590419632126,0,10.002590419632025,160.0,0,0,0,0,0,0,0,0,0,0,0,Not Parked,0,0,0,1.0,0,0
frc8749,2025,2025txwac,2025txwac_qm65,65,3/1/2025 2:39:00 PM,red,frc5866,18,0,18,0,0,0,0,0,0,0,1,Inside,0,0,0,0,0,0,0,3.662740416747463,3,10.002590419632025,45.0,0,0,0,0,0,0,0,3,0,0,0,Not Parked,0,0,0,1.0,0,0
frc8749,2025,2025txwac,2025txwac_qm65,65,3/1/2025 2:39:00 PM,red,frc9444,3,2,0,0,0,0,0,0,0,1,0,Middle,1,0,0,0,0,0,0,0.002590419632126,0,10.002590419632025,160.0,0,0,0,0,0,0,0,0,0,0,0,Not Parked,0,1,0,0.0,0,0
frc8749,2025,2025txwac,2025txwac_qm65,65,3/1/2025 2:39:00 PM,blue,frc9054,5,2,0,0,2,0,0,0,1,0,0,Outside,1,0,0,0,0,0,0,0.002590419632126,0,10.002590419632025,160.0,0,0,0,0,0,0,0,0,0,5,0,Parked,0,1,1,0.5,0,0
frc8749,2025,2025txwac,2025txwac_qm65,65,3/1/2025 2:39:00 PM,blue,frc7125,3,2,0,0,0,0,0,0,0,0,1,Inside,1,0,0,0,0,0,0,0.002590419632126,0,5.358734229857346,160.0,0,0,0,0,0,0,0,0,0,25,0,Not Parked,0,0,0,1.0,0,0
frc8749,2025,2025txwac,2025txwac_qm65,65,3/1/2025 2:39:00 PM,blue,frc148,57,9,35,0,12,1,7,8,0,1,0,Middle,1,1,0,0,0,0,0,6.329587884197819,0,10.002590419632025,17.857142857142858,1,0,0,7,0,0,0,0,0,10,5,Deep Cage,0,0,0,1.0,0,0
frc8749,2025,2025txwac,2025txwac_qm66,66,3/1/2025 2:48:00 PM,red,frc10062,0,0,0,0,0,0,0,0,0,0,0,Not There,0,0,0,0,0,0,0,0.002590419632126,0,10.002590419632025,160.0,0,0,0,0,0,0,0,0,0,0,0,Not Parked,1,1,0,0.0,0,1
frc8749,2025,2025txwac,2025txwac_qm66,66,3/1/2025 2:48:00 PM,blue,frc5682,5,2,0,0,2,0,0,0,0,1,0,Middle,1,0,0,0,0,0,0,0.002590419632126,0,6.002590419632064,160.0,0,0,0,0,0,0,0,0,0,20,0,Parked,0,0,0,1.0,0,1
frc8749,2025,2025txwac,2025txwac_qm66,66,3/1/2025 2:48:00 PM,blue,frc6377,43,9,33,0,0,1,8,9,1,0,0,Outside,1,1,0,0,0,0,0,6.492815415305122,0,10.002590419632025,16.875,1,1,0,3,4,0,1,0,0,0,0,Not Parked,0,0,0,1.0,0,1
frc8749,2025,2025txwac,2025txwac_qm66,66,3/1/2025 2:48:00 PM,red,frc2582,41,9,25,0,6,1,5,6,0,0,0,Not There,1,1,0,0,0,0,0,5.4765216079644805,0,8.002590419632043,24.0,1,0,0,5,0,0,0,0,0,15,5,Shallow Cage,0,0,0,1.0,0,0
frc8749,2025,2025txwac,2025txwac_qm66,66,3/1/2025 2:48:00 PM,red,frc2468,35,2,30,0,2,0,0,0,1,0,0,Outside,1,0,0,0,0,0,0,5.13667160507986,5,10.002590419632025,27.0,0,1,0,0,0,0,0,5,0,0,0,Parked,1,0,0,1.0,0,1
frc8749,2025,2025txwac,2025txwac_qm66,66,3/1/2025 2:48:00 PM,blue,frc7121,40,2,37,0,0,0,5,5,0,0,1,Inside,1,0,0,0,0,0,0,6.492815415305122,3,10.002590419632025,16.875,1,0,0,0,4,1,0,3,0,0,0,Not Parked,0,0,0,1.0,0,0
frc8749,2025,2025txwac,2025txwac_qm67,67,3/1/2025 2:57:00 PM,red,frc2969,3,2,0,0,0,0,0,0,1,0,0,Outside,1,0,0,0,0,0,0,0.002590419632126,0,10.002590419632025,160.0,0,0,0,0,0,0,0,0,0,0,0,Not Parked,1,0,0,1.0,0,0
frc8749,2025,2025txwac,2025txwac_qm67,67,3/1/2025 2:57:00 PM,red,frc6526,2,0,0,0,2,0,0,0,0,0,1,Inside,0,0,0,0,0,0,0,0.002590419632126,0,2.832665418189785,160.0,0,0,0,0,0,0,0,0,0,60,0,Parked,0,0,0,1.0,0,0
frc8749,2025,2025txwac,2025txwac_qm67,67,3/1/2025 2:57:00 PM,red,frc418,52,9,42,0,0,1,9,10,0,1,0,Middle,1,1,0,0,0,0,0,6.832665418189743,0,10.002590419632025,15.0,1,0,0,8,0,0,1,0,0,0,0,Not Parked,0,0,0,1.0,0,1
frc8749,2025,2025txwac,2025txwac_qm67,67,3/1/2025 2:57:00 PM,blue,frc8732,3,2,0,0,0,0,0,0,0,1,0,Middle,1,0,0,0,0,0,0,0.002590419632126,0,10.002590419632025,160.0,0,0,0,0,0,0,0,0,0,0,0,Not Parked,0,0,0,1.0,0,1
frc8749,2025,2025txwac,2025txwac_qm67,67,3/1/2025 2:57:00 PM,blue,frc8408,3,2,0,0,0,0,0,0,1,0,0,Outside,1,0,0,0,0,0,0,0.002590419632126,0,10.002590419632025,160.0,0,0,0,0,0,0,0,0,0,0,0,Not Parked,0,0,0,1.0,0,0
frc8749,2025,2025txwac,2025txwac_qm67,67,3/1/2025 2:57:00 PM,blue,frc2950,5,2,0,0,2,0,0,0,0,0,1,Inside,1,0,0,0,0,0,0,0.002590419632126,0,10.002590419632025,160.0,1,0,0,0,0,0,0,0,0,0,0,Parked,0,0,0,1.0,0,1
frc8749,2025,2025txwac,2025txwac_qm68,68,3/1/2025 3:06:00 PM,red,frc8528,3,2,0,0,0,0,0,0,1,0,0,Outside,1,0,0,0,0,0,0,0.002590419632126,0,10.002590419632025,160.0,0,0,0,0,0,0,0,0,0,0,0,Not Parked,0,0,0,1.0,0,0
frc8749,2025,2025txwac,2025txwac_qm68,68,3/1/2025 3:06:00 PM,blue,frc8507,3,2,0,0,0,0,0,0,0,1,0,Middle,1,0,0,0,0,0,0,0.002590419632126,0,10.002590419632025,160.0,0,0,0,0,0,0,0,0,0,0,0,Not Parked,0,0,0,1.0,0,0
frc8749,2025,2025txwac,2025txwac_qm68,68,3/1/2025 3:06:00 PM,blue,frc8769,22,2,17,0,2,0,6,6,0,0,1,Inside,1,0,0,0,0,0,0,5.884803041524927,0,8.002590419632043,20.83333333333333,1,0,0,0,0,5,1,0,0,10,0,Parked,0,0,0,1.0,0,1
frc8749,2025,2025txwac,2025txwac_qm68,68,3/1/2025 3:06:00 PM,blue,frc5503,5,2,0,0,2,0,0,0,1,0,0,Outside,1,0,0,0,0,0,0,0.002590419632126,0,10.002590419632025,160.0,0,0,0,0,0,0,0,0,0,0,0,Parked,0,0,0,1.0,0,0
frc8749,2025,2025txwac,2025txwac_qm68,68,3/1/2025 3:06:00 PM,red,frc8749,17,2,2,0,12,0,1,1,0,1,0,Middle,1,0,0,0,0,0,0,0.7148780400826666,0,10.002590419632025,125.0,0,0,0,0,0,0,1,0,0,10,5,Deep Cage,0,1,1,0.5,0,0
frc8749,2025,2025txwac,2025txwac_qm68,68,3/1/2025 3:06:00 PM,red,frc10312,13,2,8,0,2,0,3,3,0,0,1,Inside,1,0,0,0,0,0,0,3.662740416747463,0,10.002590419632025,45.0,1,0,0,0,0,2,1,0,0,0,0,Parked,1,0,0,1.0,0,1
frc8749,2025,2025txwac,2025txwac_qm69,69,3/1/2025 3:15:00 PM,red,frc8515,15,2,0,0,12,0,0,0,0,1,0,Middle,1,0,0,0,0,0,0,0.002590419632126,0,10.002590419632025,160.0,0,0,0,0,0,0,0,0,0,10,5,Deep Cage,0,0,0,1.0,0,0
frc8749,2025,2025txwac,2025txwac_qm69,69,3/1/2025 3:15:00 PM,red,frc4610,19,2,16,0,0,0,5,5,1,0,0,Outside,1,0,0,0,0,0,0,5.662740416747443,1,10.002590419632025,22.5,1,0,0,0,0,0,5,1,0,0,0,Not Parked,0,0,0,1.0,0,1
frc8749,2025,2025txwac,2025txwac_qm69,69,3/1/2025 3:15:00 PM,blue,frc6672,21,2,16,0,2,0,4,4,0,1,0,Middle,1,0,0,0,0,0,0,4.955466507518048,0,6.002590419632064,28.75,0,0,0,0,4,0,0,0,0,20,0,Parked,0,0,0,1.0,0,0
frc8749,2025,2025txwac,2025txwac_qm69,69,3/1/2025 3:15:00 PM,blue,frc9054,3,2,0,0,0,0,0,0,0,0,1,Inside,1,0,0,0,0,0,0,0.002590419632126,0,10.002590419632025,160.0,0,0,0,0,0,0,0,0,0,0,0,Not Parked,0,1,0,0.0,0,0
frc8749,2025,2025txwac,2025txwac_qm69,69,3/1/2025 3:15:00 PM,blue,frc5212,20,2,17,0,0,0,6,6,1,0,0,Outside,1,0,0,0,0,0,0,5.662740416747443,0,10.002590419632025,22.5,1,0,0,0,0,5,1,0,0,0,0,Not Parked,0,0,0,1.0,0,1
frc8749,2025,2025txwac,2025txwac_qm70,70,3/1/2025 3:24:00 PM,blue,frc2468,19,2,14,0,2,0,4,4,1,0,0,Outside,1,0,0,0,0,0,0,4.492815415305142,0,10.002590419632025,33.75,1,0,0,0,2,2,0,0,0,0,0,Parked,0,0,0,1.0,0,0
frc8749,2025,2025txwac,2025txwac_qm70,70,3/1/2025 3:24:00 PM,blue,frc2714,3,2,0,0,0,0,0,0,0,0,1,Inside,1,0,0,0,0,0,0,0.002590419632126,0,10.002590419632025,160.0,0,0,0,0,0,0,0,0,0,0,0,Not Parked,0,0,0,1.0,0,1
frc8749,2025,2025txwac,2025txwac_qm70,70,3/1/2025 3:24:00 PM,blue,frc7121,23,9,13,0,0,1,5,6,0,1,0,Middle,1,1,0,0,0,0,0,5.13667160507986,0,10.002590419632025,27.0,1,0,0,0,0,3,2,0,0,0,0,Not Parked,0,0,0,1.0,0,1
frc8749,2025,2025txwac,2025txwac_qm70,70,3/1/2025 3:24:00 PM,red,frc2687,26,2,21,0,2,0,7,7,0,0,1,Inside,1,0,0,0,0,0,0,6.57017635163324,0,6.002590419632064,16.428571428571427,0,0,0,0,0,7,0,0,0,20,0,Parked,0,0,0,1.0,0,0
frc8749,2025,2025txwac,2025txwac_qm70,70,3/1/2025 3:24:00 PM,red,frc7125,0,0,0,0,0,0,0,0,0,0,0,Not There,0,0,0,0,0,0,0,0.002590419632126,0,10.002590419632025,160.0,0,0,0,0,0,0,0,0,0,0,0,Not Parked,0,0,0,1.0,0,0
frc8749,2025,2025txwac,2025txwac_qm70,70,3/1/2025 3:24:00 PM,red,frc9444,0,0,0,0,0,0,0,0,0,1,0,Middle,0,0,0,0,0,0,0,0.002590419632126,0,10.002590419632025,160.0,0,0,0,0,0,0,0,0,0,0,0,Not Parked,0,0,0,1.0,0,0
frc8749,2025,2025txwac,2025txwac_qm71,71,3/1/2025 3:33:00 PM,red,frc9577,3,2,0,0,0,0,0,0,1,0,0,Outside,1,0,0,0,0,0,0,0.002590419632126,0,10.002590419632025,160.0,1,1,0,0,0,0,0,0,0,0,0,Not Parked,0,0,0,1.0,0,1
frc8749,2025,2025txwac,2025txwac_qm71,71,3/1/2025 3:33:00 PM,red,frc2583,26,0,26,0,0,0,6,6,0,0,0,Not There,0,0,0,0,0,0,0,5.662740416747443,0,10.002590419632025,22.5,0,0,0,4,1,0,1,0,0,0,0,Not Parked,0,0,0,1.0,0,0
frc8749,2025,2025txwac,2025txwac_qm71,71,3/1/2025 3:33:00 PM,red,frc10062,5,2,0,0,2,0,0,0,0,1,0,Middle,1,0,0,0,0,0,0,0.002590419632126,0,6.832665418189743,160.0,0,1,0,0,0,0,0,0,0,15,0,Parked,0,0,0,1.0,0,1
frc8749,2025,2025txwac,2025txwac_qm71,71,3/1/2025 3:33:00 PM,blue,frc6526,5,2,0,0,2,0,0,0,1,0,0,Outside,1,0,0,0,0,0,0,0.002590419632126,0,10.002590419632025,160.0,0,0,0,0,0,0,0,0,0,0,0,Parked,0,0,0,1.0,0,1
frc8749,2025,2025txwac,2025txwac_qm71,71,3/1/2025 3:33:00 PM,blue,frc1296,60,2,45,0,12,0,9,9,0,0,1,Inside,1,0,0,0,0,0,0,7.054728042967228,0,10.002590419632025,13.88888888888889,0,0,0,9,0,0,0,0,0,10,5,Deep Cage,0,0,0,1.0,0,0
frc8749,2025,2025txwac,2025txwac_qm71,71,3/1/2025 3:33:00 PM,blue,frc8858,20,2,17,0,0,0,1,1,0,1,0,Middle,1,0,0,0,0,0,0,3.8848030415249486,2,8.002590419632043,41.66666666666666,0,0,0,1,0,0,0,2,0,10,0,Not Parked,0,0,0,1.0,0,0
frc8749,2025,2025txwac,2025txwac_qm72,72,3/1/2025 3:41:00 PM,red,frc2158,4,0,2,0,2,0,1,1,0,1,0,Middle,0,0,0,0,0,0,0,0.4928154153051824,0,10.002590419632025,135.0,1,0,0,0,0,0,1,0,0,0,0,Parked,0,0,0,1.0,0,0
frc8749,2025,2025txwac,2025txwac_qm72,72,3/1/2025 3:41:00 PM,red,frc2950,14,2,11,0,0,0,4,4,0,0,1,Inside,1,0,0,0,0,0,0,4.492815415305142,0,10.002590419632025,33.75,0,0,0,0,0,3,1,0,0,0,0,Not Parked,0,0,0,1.0,0,0
frc8749,2025,2025txwac,2025txwac_qm72,72,3/1/2025 3:41:00 PM,red,frc6377,41,2,38,0,0,0,10,10,1,0,0,Outside,1,0,0,0,0,0,0,7.13667160507984,0,10.002590419632025,13.5,1,1,0,6,0,0,4,0,0,0,0,Not Parked,0,0,0,1.0,0,1
frc8749,2025,2025txwac,2025txwac_qm72,72,3/1/2025 3:41:00 PM,blue,frc2582,38,5,20,0,12,1,4,5,0,1,0,Middle,1,0,0,0,1,0,0,4.955466507518048,0,10.002590419632025,28.75,1,0,0,4,0,0,0,0,0,20,15,Deep Cage,1,0,0,1.0,0,1
frc8749,2025,2025txwac,2025txwac_qm72,72,3/1/2025 3:41:00 PM,blue,frc8528,3,2,0,0,0,0,0,0,0,0,1,Inside,1,0,0,0,0,0,0,0.002590419632126,0,10.002590419632025,160.0,0,0,0,0,0,0,0,0,0,0,0,Not Parked,0,1,0,0.0,0,0
frc8749,2025,2025txwac,2025txwac_qm72,72,3/1/2025 3:41:00 PM,blue,frc9786,26,0,24,0,2,0,0,0,1,0,0,Outside,0,0,0,0,0,0,0,4.492815415305142,4,10.002590419632025,33.75,0,0,0,0,0,0,0,4,0,0,0,Parked,0,0,0,1.0,0,0
frc8749,2025,2025txwac,2025txwac_qm73,73,3/1/2025 3:49:00 PM,red,frc5682,0,0,0,0,0,0,0,0,1,0,0,Outside,0,0,0,0,0,0,0,0.002590419632126,0,10.002590419632025,160.0,0,0,0,0,0,0,0,0,0,0,0,Not Parked,0,0,0,1.0,0,1
frc8749,2025,2025txwac,2025txwac_qm73,73,3/1/2025 3:49:00 PM,blue,frc5866,24,0,24,0,0,0,0,0,1,0,0,Outside,0,0,0,0,0,0,0,4.492815415305142,4,10.002590419632025,33.75,1,0,0,0,0,0,0,4,0,0,0,Not Parked,1,0,0,1.0,0,0
frc8749,2025,2025txwac,2025txwac_qm73,73,3/1/2025 3:49:00 PM,blue,frc148,44,14,24,0,6,2,6,8,0,0,1,Inside,0,2,0,0,0,0,0,5.771635984792194,0,10.002590419632025,21.666666666666668,0,0,0,2,2,2,0,0,0,5,0,Shallow Cage,0,0,0,1.0,0,0
frc8749,2025,2025txwac,2025txwac_qm73,73,3/1/2025 3:49:00 PM,blue,frc418,42,2,39,0,0,0,12,12,0,1,0,Middle,1,0,0,0,0,0,0,7.662740416747422,0,10.002590419632025,11.25,1,0,0,2,3,3,4,0,0,0,0,Not Parked,1,0,0,1.0,0,1
frc8749,2025,2025txwac,2025txwac_qm73,73,3/1/2025 3:49:00 PM,red,frc5503,5,2,0,0,2,0,0,0,0,0,1,Inside,1,0,0,0,0,0,0,0.002590419632126,0,10.002590419632025,160.0,0,0,0,0,0,0,0,0,0,0,0,Parked,0,0,0,1.0,0,0
frc8749,2025,2025txwac,2025txwac_qm74,74,3/1/2025 3:57:00 PM,red,frc8769,9,2,6,0,0,0,2,2,0,1,0,Middle,1,0,0,0,0,0,0,2.832665418189785,0,6.832665418189743,60.0,0,0,0,0,0,2,0,0,0,0,15,Not Parked,0,0,0,1.0,0,0
frc8749,2025,2025txwac,2025txwac_qm74,74,3/1/2025 3:57:00 PM,red,frc8088,5,0,5,0,0,0,1,1,1,0,0,Outside,0,0,0,0,0,0,0,0.4928154153051824,0,10.002590419632025,135.0,0,0,0,1,0,0,0,0,0,0,0,Not Parked,0,0,0,1.0,0,0
frc8749,2025,2025txwac,2025txwac_qm74,74,3/1/2025 3:57:00 PM,blue,frc2881,57,9,35,0,12,1,7,8,1,0,0,Outside,1,1,0,0,0,0,0,6.329587884197819,0,8.002590419632043,17.857142857142858,1,0,0,7,0,0,0,0,0,10,0,Deep Cage,0,0,0,1.0,0,1
frc8749,2025,2025txwac,2025txwac_qm74,74,3/1/2025 3:57:00 PM,blue,frc8507,11,2,2,0,6,0,1,1,1,0,0,Outside,1,0,0,0,0,0,0,0.9554665075180891,0,10.002590419632025,115.0,0,0,0,0,0,0,1,0,0,20,15,Shallow Cage,0,0,0,1.0,0,0
frc8749,2025,2025txwac,2025txwac_qm74,74,3/1/2025 3:57:00 PM,blue,frc8732,3,2,0,0,0,0,0,0,0,0,0,Not There,1,0,0,0,0,0,0,0.002590419632126,0,10.002590419632025,160.0,0,0,0,0,0,0,0,0,0,0,0,Not Parked,0,0,0,1.0,0,0
frc8749,2025,2025txwac,2025txwac_qm75,75,3/1/2025 4:05:00 PM,blue,frc8408,3,2,0,0,0,0,0,0,0,0,0,Not There,1,0,0,0,0,0,0,0.002590419632126,0,10.002590419632025,160.0,0,0,0,0,0,0,0,0,0,0,0,Not Parked,0,0,0,1.0,0,0
frc8749,2025,2025txwac,2025txwac_qm75,75,3/1/2025 4:05:00 PM,blue,frc8749,47,2,32,0,12,0,7,7,0,1,0,Middle,1,0,0,0,0,0,0,6.57017635163324,0,8.002590419632043,16.428571428571427,1,0,0,6,0,0,1,0,0,20,10,Deep Cage,0,0,0,1.0,0,1
frc8749,2025,2025txwac,2025txwac_qm75,75,3/1/2025 4:05:00 PM,red,frc2689,40,5,22,0,12,1,11,12,1,0,0,Outside,1,0,0,0,1,0,0,7.874329744792614,0,8.002590419632043,10.454545454545457,1,0,0,0,0,0,11,0,0,20,10,Deep Cage,0,0,0,1.0,1,1
frc8749,2025,2025txwac,2025txwac_qm75,75,3/1/2025 4:05:00 PM,red,frc6672,36,5,30,0,0,1,9,10,0,1,0,Middle,1,0,0,0,1,0,0,6.832665418189743,0,10.002590419632025,15.0,1,0,0,4,0,0,5,0,0,0,0,Not Parked,0,0,0,1.0,0,0
frc8749,2025,2025txwac,2025txwac_qm75,75,3/1/2025 4:05:00 PM,red,frc2969,2,0,0,0,2,0,0,0,0,0,1,Inside,0,0,0,0,0,0,0,0.002590419632126,0,10.002590419632025,160.0,0,0,0,0,0,0,0,0,0,0,0,Parked,0,0,0,1.0,0,0
frc8749,2025,2025txwac,2025txwac_qm75,75,3/1/2025 4:05:00 PM,blue,frc5613,2,0,0,0,2,0,0,0,1,0,0,Outside,0,0,0,0,0,0,0,0.002590419632126,0,10.002590419632025,160.0,0,0,0,0,0,0,0,0,0,0,0,Parked,0,0,0,1.0,0,0
frc8749,2025,2025txwac,2025txwac_qm76,76,3/1/2025 4:13:00 PM,red,frc10312,14,2,9,0,2,0,4,4,1,0,0,Outside,1,0,0,0,0,0,0,4.492815415305142,0,10.002590419632025,33.75,1,1,0,0,0,1,3,0,0,0,0,Parked,1,0,0,1.0,0,0
frc8749,2025,2025txwac,2025txwac_qm76,76,3/1/2025 4:13:00 PM,red,frc9577,11,2,6,0,2,0,0,0,0,0,1,Inside,1,0,0,0,0,0,0,0.4928154153051824,1,10.002590419632025,135.0,1,1,0,0,0,0,0,1,0,0,0,Parked,0,0,0,1.0,0,0
frc8749,2025,2025txwac,2025txwac_qm76,76,3/1/2025 4:13:00 PM,red,frc6526,0,0,0,0,0,0,0,0,0,1,0,Middle,0,0,0,0,0,0,0,0.002590419632126,0,10.002590419632025,160.0,0,0,0,0,0,0,0,0,0,0,0,Not Parked,0,0,0,1.0,0,0
frc8749,2025,2025txwac,2025txwac_qm76,76,3/1/2025 4:13:00 PM,blue,frc5212,14,5,8,0,0,1,4,5,0,1,0,Middle,1,0,0,0,1,0,0,4.492815415305142,0,10.002590419632025,33.75,1,0,0,0,0,0,4,0,0,0,0,Not Parked,0,1,0,0.0,0,1
frc8749,2025,2025txwac,2025txwac_qm76,76,3/1/2025 4:13:00 PM,blue,frc2468,39,2,34,0,2,0,10,10,1,0,0,Outside,1,0,0,0,0,0,0,7.245567173124591,0,10.002590419632025,13.0,0,0,0,0,4,6,0,0,0,5,0,Parked,0,0,0,1.0,0,0
frc8749,2025,2025txwac,2025txwac_qm76,76,3/1/2025 4:13:00 PM,blue,frc6377,33,2,30,0,0,0,6,6,0,0,1,Inside,1,0,0,0,0,0,0,7.1725154210743645,0,3.0837271823574977,13.333333333333334,1,0,0,6,0,0,0,0,0,55,0,Not Parked,0,0,0,1.0,0,0
frc8749,2025,2025txwac,2025txwac_qm77,77,3/1/2025 4:21:00 PM,blue,frc5866,45,0,27,16,2,0,1,1,1,0,0,Outside,0,0,0,0,0,0,0,5.358734229857346,4,8.002590419632043,25.0,0,0,4,0,0,1,0,4,0,10,0,Parked,0,0,0,1.0,0,0
frc8749,2025,2025txwac,2025txwac_qm77,77,3/1/2025 4:21:00 PM,blue,frc9786,17,2,12,0,2,0,0,0,0,1,0,Middle,1,0,0,0,0,0,0,2.492815415305163,2,10.002590419632025,67.5,0,1,0,0,0,0,0,2,0,0,0,Parked,0,0,0,1.0,0,0
frc8749,2025,2025txwac,2025txwac_qm77,77,3/1/2025 4:21:00 PM,blue,frc4610,24,2,21,0,0,0,8,8,0,0,1,Inside,1,0,0,0,0,0,0,6.492815415305122,0,10.002590419632025,16.875,1,0,0,0,0,5,3,0,0,0,0,Not Parked,0,0,0,1.0,0,1
frc8749,2025,2025txwac,2025txwac_qm77,77,3/1/2025 4:21:00 PM,red,frc418,62,9,50,0,2,1,10,11,0,1,0,Middle,1,1,0,0,0,0,0,7.599322697292747,0,6.002590419632064,11.5,0,0,0,10,0,0,0,0,0,20,0,Parked,0,0,0,1.0,1,1
frc8749,2025,2025txwac,2025txwac_qm77,77,3/1/2025 4:21:00 PM,red,frc10062,11,2,6,0,2,0,3,3,1,0,0,Outside,1,0,0,0,0,0,0,3.662740416747463,0,10.002590419632025,45.0,0,0,0,0,0,0,3,0,0,0,0,Parked,0,0,0,1.0,0,0
frc8749,2025,2025txwac,2025txwac_qm77,77,3/1/2025 4:21:00 PM,red,frc7125,29,9,17,0,2,1,5,6,1,0,0,Outside,1,1,0,0,0,0,0,5.13667160507986,0,10.002590419632025,27.0,1,0,0,0,2,3,0,0,0,0,0,Parked,0,0,0,1.0,0,1
frc8749,2025,2025txwac,2025txwac_qm78,78,3/1/2025 4:29:00 PM,red,frc8088,25,2,20,0,2,0,4,4,1,0,0,Outside,1,0,0,0,0,0,0,4.492815415305142,0,10.002590419632025,33.75,1,0,0,4,0,0,0,0,0,0,0,Parked,0,0,0,1.0,0,1
frc8749,2025,2025txwac,2025txwac_qm78,78,3/1/2025 4:29:00 PM,red,frc5682,0,0,0,0,0,0,0,0,0,0,1,Inside,0,0,0,0,0,0,0,0.002590419632126,0,8.002590419632043,160.0,0,0,0,0,0,0,0,0,0,10,0,Not Parked,0,0,0,1.0,0,0
frc8749,2025,2025txwac,2025txwac_qm78,78,3/1/2025 4:29:00 PM,blue,frc5503,5,2,0,0,2,0,0,0,0,1,0,Middle,1,0,0,0,0,0,0,0.002590419632126,0,4.832665418189764,160.0,0,0,0,0,0,0,0,0,0,30,0,Parked,0,0,0,1.0,0,1
frc8749,2025,2025txwac,2025txwac_qm78,78,3/1/2025 4:29:00 PM,blue,frc3005,57,14,31,0,12,2,7,9,1,0,0,Outside,0,2,0,0,0,0,0,6.216420827465086,0,10.002590419632025,18.571428571428573,0,0,0,5,1,0,1,0,0,5,5,Deep Cage,1,0,0,1.0,0,0
frc8749,2025,2025txwac,2025txwac_qm78,78,3/1/2025 4:29:00 PM,blue,frc2714,18,0,6,0,12,0,3,3,0,0,1,Inside,0,0,0,0,0,0,0,4.125391508960369,0,6.832665418189743,38.333333333333336,1,0,0,0,0,0,3,0,0,20,5,Deep Cage,0,0,0,1.0,0,0
frc8749,2025,2025txwac,2025txwac_qm79,79,3/1/2025 4:37:00 PM,red,frc9444,0,0,0,0,0,0,0,0,1,0,0,Outside,0,0,0,0,0,0,0,0.002590419632126,0,10.002590419632025,160.0,0,0,0,0,0,0,0,0,0,0,0,Not Parked,0,0,0,1.0,0,0
frc8749,2025,2025txwac,2025txwac_qm79,79,3/1/2025 4:37:00 PM,red,frc3310,37,2,32,0,2,0,9,9,0,0,1,Inside,1,0,0,0,0,0,0,6.941560986234495,0,10.002590419632025,14.444444444444445,1,0,0,2,3,2,2,0,0,5,0,Parked,0,0,0,1.0,0,0
frc8749,2025,2025txwac,2025txwac_qm79,79,3/1/2025 4:37:00 PM,red,frc8749,54,2,39,0,12,0,8,8,0,1,0,Middle,1,0,0,0,0,0,0,6.601710983349873,0,10.002590419632025,16.25,1,0,0,7,1,0,0,0,0,5,0,Deep Cage,0,0,0,1.0,0,1
frc8749,2025,2025txwac,2025txwac_qm79,79,3/1/2025 4:37:00 PM,blue,frc8515,44,2,29,0,12,0,8,8,0,1,0,Middle,1,0,0,0,0,0,0,7.217955574074531,0,4.832665418189764,13.125,0,0,0,3,2,0,3,0,0,30,0,Deep Cage,0,0,0,1.0,0,0
frc8749,2025,2025txwac,2025txwac_qm79,79,3/1/2025 4:37:00 PM,blue,frc2687,24,5,16,0,2,1,7,8,0,0,1,Inside,1,0,0,0,1,0,0,6.698437026472671,0,5.358734229857346,15.714285714285714,1,0,0,0,0,2,5,0,0,25,0,Parked,0,0,0,1.0,0,1
frc8749,2025,2025txwac,2025txwac_qm79,79,3/1/2025 4:37:00 PM,blue,frc2583,0,0,0,0,0,0,0,0,0,0,0,Not There,0,0,0,0,0,0,0,0.002590419632126,0,10.002590419632025,160.0,0,0,0,0,0,0,0,0,0,0,0,Not Parked,0,0,0,1.0,0,0
